id,domain,status,purchase_price,renewal_price,attractiveness,demand,length,registrar,created_at,expires_at,status_verified_at
8aeb4fc2-15e4-40de-aef6-f584e6a9acf5,owe.page,premium,70.21,70.21,high,low,3,namesilo,,,
7c73d996-4f95-40ca-9db1-a1354fce5f2c,gourmet.page,premium,165.12,165.12,high,low,7,namesilo,,,24/09/2026 14:33
bf04df8f-ad56-4475-9ac0-99325fa0cb95,coastward.page,available,12.79,12.99,medium,low,9,namesilo,,,14/09/2026 07:23
1717b233-9e5b-4b25-884f-76ac7fd3b925,dear.page,premium,311.25,311.25,high,low,4,name.com,,,22/09/2026 19:24
88d7694d-a2d4-4d3e-abca-9e8e92ae3498,isometric.page,available,12.79,12.99,high,low,9,namesilo,,,22/08/2026 11:10
bb08bad0-db97-4ee9-b5fb-0b117d5c0a27,forehand.page,available,12.79,12.99,medium,low,8,namesilo,,,18/08/2026 11:38
6832e0f4-21a6-48a5-a742-eddddad9c63a,eight.page,premium,318.72,318.72,high,low,5,namesilo,,,21/09/2026 13:20
c0b5e856-47a6-4e65-84d9-4c3bc9432083,gipsy.page,available,12.79,12.99,high,low,5,namesilo,,,10/08/2026 17:23
3735db37-d984-475a-a2aa-f8ae757b3b63,wrapped.page,available,,,high,low,7,,,,
cb7c2a44-706b-49ae-812e-5db400f8dea6,euclidian.page,available,12.79,12.99,medium,low,9,namesilo,,,17/08/2026 14:04
f6ca1962-01cc-49a2-96e5-001cf40f4a32,alonso.page,premium,36.25,36.25,high,low,6,name.com,,,18/09/2026 07:29
a400bf71-6ed7-4ff9-898b-981439812f59,waterfall.page,premium,29.2,,high,low,9,unstoppable,,,28/09/2026 20:46
639e1832-8a2c-40e4-afb8-f06762d0a8ec,amidships.page,available,,,medium,low,9,,,,
750c6083-9aeb-4cce-96a3-5c4ad915037c,barrie.page,available,12.79,12.99,medium,low,6,namesilo,,,22/09/2026 08:37
2de9bdfe-05d0-4e2d-8d3d-3271f95443ed,foolish.page,available,12.79,12.99,high,low,7,namesilo,,,24/09/2026 11:44
fdf4d5fb-d28b-4147-9b8b-ca75acc5c7c3,hypotonic.page,available,12.79,12.99,medium,low,9,namesilo,,,21/08/2026 17:19
8be86ab7-1a15-4210-996c-e6fead34079f,acarpelous.page,available,12.79,12.99,medium,low,10,namesilo,,,
71447e08-b16c-4d43-99bf-0165c93437ed,sadly.page,available,12.79,12.99,medium,low,5,namesilo,,,14/09/2026 11:52
b06003c3-ceb5-4095-be2c-50219a99c806,adsorption.page,available,12.79,12.99,medium,low,10,namesilo,,,17/09/2026 10:05
aff12128-da0c-471f-9724-47f1c8b16e22,gastropod.page,available,12.79,12.99,medium,low,9,namesilo,,,12/09/2026 14:04
758eebea-9f9f-4a88-a06a-07f07aafacdc,vhf.page,premium,61.27,61.27,high,low,3,spaceship,,,28/09/2026 02:03
25113f3d-63e5-4622-bafa-e40cc6e00740,occupy.page,available,12.79,12.99,high,low,6,namesilo,,,23/09/2026 12:12
2950239e-03b1-4729-afb8-44c2523e31a4,blocking.page,available,12.79,12.99,high,low,8,namesilo,,,28/09/2026 00:53
c577b9d2-18da-4a02-8f8e-a9548805aac4,all.page,premium,638.72,638.72,high,medium,3,namesilo,,,22/09/2026 00:25
9597dc2f-089c-4424-86d1-ca85ba2436de,peacefully.page,available,12.98,16.98,high,low,10,namecheap,,,15/09/2026 19:23
3599b9fc-1cd3-4ce1-92d6-5f6e015b9849,agonising.page,available,12.79,12.99,medium,low,9,namesilo,,,
1da12c31-c756-42e3-8c3a-0e3991423169,infrequent.page,available,12.79,12.99,medium,low,10,namesilo,,,22/08/2026 04:50
10210b9b-d8b0-4f9b-81d0-126ca9a18e47,southward.page,available,12.79,12.99,high,medium,9,namesilo,,,10/09/2026 14:49
dd64cbbb-95bf-4f9d-8249-02bb6d9554a5,neglect.page,available,12.79,12.99,high,low,7,namesilo,,,
e099e62f-07a0-4f8d-a2df-669fd3156353,tablets.page,premium,165.12,165.12,high,low,7,namesilo,,,18/09/2026 15:46
5037b632-0992-4c6a-8163-be8bb8bfe1f7,weedy.page,available,12.79,12.99,medium,low,5,namesilo,,,09/09/2026 23:44
f5dd1d38-38eb-4335-9310-79e674dcf358,gambling.page,premium,648.7,648.7,high,medium,8,namecheap,,,27/09/2026 04:09
a6dafd31-6590-4e2f-9062-5e564fff5e02,olfactory.page,available,12.79,12.99,high,low,9,namesilo,,,04/09/2026 02:12
6c1bd904-ac3e-4f18-80f5-60692bc733d1,highschool.page,premium,311.25,,high,low,10,name.com,,,
a631c8b8-aab6-459a-9fb7-a353ce485408,smack.page,available,12.79,12.99,medium,low,5,namesilo,,,13/09/2026 23:28
9e8b6ca1-226d-4144-88d3-235c0259be53,clxv.page,available,,,medium,low,4,,,,
bb0ab499-03da-4a70-928a-f731f719d267,scale.page,premium,623.75,,high,medium,5,name.com,,,
ed91d342-42dd-4fc8-98a9-76f0916cebd6,fictitious.page,available,12.79,12.99,medium,low,10,namesilo,,,07/08/2026 07:50
af55482f-c165-4ae5-b627-dcbda4f51179,sedentary.page,available,12.79,12.99,medium,low,9,namesilo,,,10/09/2026 01:36
9cd6023c-86a6-4878-bc1a-6946829a5497,unobvious.page,available,12.79,12.99,medium,low,9,namesilo,,,12/09/2026 16:07
00cffa6b-abd2-4a7a-a6c0-09456cc3c1e5,antares.page,premium,34.22,34.22,medium,low,7,namesilo,,,19/09/2026 12:34
4d1d6e12-ec0d-4983-a9fe-f5b715cd9f61,oblige.page,available,12.79,12.99,high,low,6,namesilo,,,03/09/2026 23:41
c71bd01a-58f5-45c6-a0e8-8f00d547d34e,warburg.page,available,12.79,12.99,medium,low,7,namesilo,,,16/09/2026 19:40
6cb4105b-7f65-40d9-9a14-aa99e2ef5312,alarmed.page,available,12.79,12.99,medium,low,7,namesilo,,,
8a1540cc-a6a9-49e9-8b64-f2f8ead2d051,rente.page,available,12.79,12.99,medium,low,5,namesilo,,,19/09/2026 10:58
e687be3d-39d3-4a9f-a46e-f973fdc19ace,clapping.page,available,12.98,16.98,high,low,8,namecheap,,,19/09/2026 20:57
d67421eb-e0ba-446a-b8aa-412d6cd326d8,prompting.page,available,12.79,12.99,high,low,9,namesilo,,,27/09/2026 07:31
9263170d-dc83-4dac-a862-2f4b671d983f,lorentz.page,available,14,,medium,low,7,unstoppable,,,28/09/2026 19:26
2b4d69e7-b679-47cf-be2a-e19d3a3ba276,conical.page,available,12.98,16.98,high,low,7,namecheap,,,12/08/2026 20:41
c259a16b-4b6a-4210-96d9-cdc152637a4a,ergodic.page,available,12.79,12.99,medium,low,7,namesilo,,,17/08/2026 12:09
13dc5765-65b9-47fd-9ee0-255ef31f9251,kills.page,available,12.98,16.98,medium,low,5,namecheap,,,25/09/2026 21:19
65e3ef4e-eb42-4c33-9a60-904ef4eef8b8,jessica.page,premium,167.7,167.7,high,low,7,namecheap,,,25/09/2026 18:08
262e3478-7179-430a-b168-80983cc866c0,perceptual.page,available,12.79,12.99,high,low,10,namesilo,,,08/09/2026 16:15
20928c3c-d8f1-4098-97f4-15fe2b143989,gordon.page,premium,165.12,165.12,high,low,6,namesilo,,,25/09/2026 11:43
ed1be48a-426a-48f7-b6cd-99b96321d4cd,collected.page,available,12.79,12.99,high,low,9,namesilo,,,12/08/2026 17:00
4ea670d1-94ad-44aa-8171-2924ca6af8be,arno.page,premium,34.22,34.22,high,low,4,namesilo,,,20/09/2026 08:12
0d160478-173c-471f-96d1-75e1e945ba39,beekeeping.page,available,12.79,12.99,high,low,10,namesilo,,,19/09/2026 17:24
d0e30427-7633-4827-a062-527851c5380b,tails.page,premium,34.22,34.22,high,low,5,namesilo,,,
63eeff03-1682-4193-ac7d-52e547f2601c,asur.page,available,12.79,12.99,medium,low,4,namesilo,,,20/09/2026 16:43
0e1be560-3ea1-4519-a951-f65f482b618c,invade.page,available,10.55,10.55,medium,low,6,spaceship,,,28/09/2026 15:34
7ee78d9e-f1d5-44bb-8181-dd1c83b13663,cold.page,premium,167.7,167.7,high,low,4,namecheap,,,23/09/2026 15:03
bbc4e002-0a52-4eb8-9cdd-bdc2bd90c1f9,unshackled.page,available,12.79,12.99,medium,low,10,namesilo,,,12/09/2026 04:58
9a7c6488-c7c1-4858-97bf-ed349e583214,pounds.page,available,12.79,12.99,medium,low,6,namesilo,,,18/09/2026 01:51
f436ac23-dc98-4353-9e6c-cec0923db982,pillared.page,available,12.98,16.98,high,medium,8,namecheap,,,08/09/2026 19:41
cbf1be90-5815-47b0-acc9-2c8c9b32d816,disciple.page,available,12.79,12.99,high,low,8,namesilo,,,
ee530c0f-731b-4335-8d34-a75e79c39bbd,brandon.page,premium,165.12,165.12,high,low,7,namesilo,,,27/09/2026 07:31
b0c2e05c-c5bf-41ae-befb-3e292cf14487,unerasable.page,available,12.79,12.99,medium,low,10,namesilo,,,22/08/2026 02:39
905b7bd6-2c72-4905-9663-e36f3755577c,exquisite.page,premium,36.25,36.25,high,low,9,name.com,,,17/08/2026 18:54
b7396b0e-e5dd-4cd5-ae44-29916baa5208,bragging.page,available,12.79,12.99,medium,low,8,namesilo,,,11/08/2026 00:54
045c0f2e-605b-4d52-8d82-c898e0592ffc,improvable.page,available,12.79,12.99,medium,low,10,namesilo,,,21/08/2026 23:14
026e17a7-d946-4aec-866a-6d4ca2192f0a,mmr.page,premium,70.21,70.21,high,low,3,namesilo,,,
782fa222-ee58-4a04-9b34-16dede7adb93,barometric.page,available,12.98,16.98,medium,low,10,namecheap,,,08/08/2026 20:06
58f7cb15-9a45-4247-b255-6630ab67a8df,razor.page,premium,34.22,34.22,high,low,5,namesilo,,,
d49e78a6-87de-45e2-9164-44e0d0f760df,blazers.page,available,12.98,16.98,medium,low,7,namecheap,,,20/09/2026 11:38
2f92fa6f-0c97-481e-b376-dc1b2e0b9bcc,vestibular.page,available,12.79,12.99,medium,low,10,namesilo,,,13/09/2026 04:52
3a9228de-cbe1-4d80-af48-cad8c48e150c,llc.page,premium,318.72,318.72,high,low,3,namesilo,,,25/09/2026 11:14
1f6a943a-b8ac-4731-82a5-c06fdc40a6f8,riemann.page,available,12.79,12.99,high,low,7,namesilo,,,23/09/2026 09:54
31c19cf2-a13c-44fb-ab61-0642880968ba,antlered.page,available,12.79,12.99,medium,low,8,namesilo,,,05/08/2026 20:11
2c0e4f67-9fb2-49f1-acb1-de84140a3427,movable.page,available,12.79,12.99,high,low,7,namesilo,,,25/08/2026 08:56
e9f0b680-3e13-43b0-a0d9-98208d6eefb7,deficit.page,available,15.99,,high,low,7,name.com,,,
6db732f4-2da5-4d4e-b71b-749ac26ff60a,buttonlike.page,available,12.79,12.99,medium,low,10,namesilo,,,09/08/2026 03:39
4a8bdd86-d03c-4264-919b-c4b5bad9f343,logical.page,premium,34.22,34.22,high,low,7,namesilo,,,12/08/2026 16:03
8c69e68c-617a-4397-b235-ffbce2dc158a,lavender.page,premium,73.75,73.75,high,low,8,name.com,,,22/08/2026 21:02
e7f513d2-9ede-4b4e-b944-5db64e3107c5,sun.page,premium,623.75,,high,medium,3,name.com,,,
2fb974af-5185-4cea-8c22-0a88f5f2b828,grapey.page,available,12.79,12.99,medium,low,6,namesilo,,,20/08/2026 18:06
b9f4e839-ccbc-4efe-bf50-c310e203e100,lucubrate.page,available,12.98,16.98,medium,low,9,namecheap,,,15/08/2026 23:00
e5f8da03-0140-4f70-a767-ed99388477b7,atlantic.page,premium,161.25,161.25,high,low,8,name.com,,,07/08/2026 13:38
02f476da-4452-48d6-ba4c-70809b5d717a,prosthetic.page,available,12.79,12.99,high,low,10,namesilo,,,09/09/2026 03:55
d4c0e6e1-dff6-4cca-820c-689310f2d52e,pass.page,premium,638.72,638.72,high,low,4,namesilo,,,27/09/2026 02:49
b7bda1eb-a872-4fd4-aab6-0a0576da860d,saddle.page,available,10.55,10.55,high,low,6,spaceship,,,29/09/2026 02:22
b781ae98-2bea-4475-951c-4729a01a7dc6,cleanup.page,premium,34.22,34.22,high,low,7,namesilo,,,12/08/2026 10:26
f8015723-4f34-4937-92e9-03adb9631a10,portion.page,available,12.98,16.98,high,low,7,namecheap,,,15/09/2026 19:05
5df8d9f5-4b5a-4709-8377-d75ab7340c7f,inexplicit.page,available,12.79,12.99,medium,low,10,namesilo,,,21/08/2026 22:39
d47657b9-7193-4bec-b852-2ac1214cfb88,becker.page,premium,70.21,70.21,high,low,6,namesilo,,,29/09/2026 03:35
975e95d5-9e1c-4eff-8bf3-6ba4034b7e01,adenoma.page,available,12.79,12.99,medium,low,7,namesilo,,,17/09/2026 07:30
49291f13-0299-405f-ae43-514a183b2e05,ramshackle.page,available,12.79,12.99,medium,low,10,namesilo,,,11/08/2026 05:22
692eb825-efa1-4ffe-b7ef-b86322423f38,nasty.page,premium,70.21,70.21,medium,low,5,namesilo,,,13/08/2026 08:48
7e202a7e-f4dc-4def-a343-98dd3f6ef067,sigmoidal.page,available,12.79,12.99,high,medium,9,namesilo,,,10/09/2026 07:59
5f622c91-0b0f-4e35-afd3-db81ea5f0e98,abydos.page,available,12.79,12.99,medium,low,6,namesilo,,,16/09/2026 19:41
0f3b0b6f-eec9-4ab4-90e5-af4871d930ce,crash.page,premium,161.25,,high,low,5,name.com,,,
80d21f83-e5ac-4af8-b7f1-7f41874a8964,asl.page,premium,76.7,76.7,high,low,3,namecheap,,,18/09/2026 20:39
1589389f-bfe5-4182-bfbd-de3cfb8be7ea,lamb.page,premium,76.7,76.7,high,low,4,namecheap,,,27/09/2026 03:31
0bb7bf68-529b-4d6b-a023-1cd98a6bc74e,structural.page,premium,34.22,34.22,high,low,10,namesilo,,,19/09/2026 17:09
dfcc22b3-81f1-47f8-94ea-9aedcf5eb8c2,exclamation.page,available,15.99,,high,low,11,name.com,,,
9d6261f2-ff6e-45eb-bb0a-8005f3e8ea63,allotted.page,available,12.79,12.99,high,low,8,namesilo,,,
f44e768a-4b8d-456a-8b09-8f1d1818d7e8,zestful.page,available,12.79,12.99,medium,low,7,namesilo,,,08/08/2026 19:51
f129303f-ddc4-420e-897d-312a7689e5f9,ruinous.page,available,12.79,12.99,medium,low,7,namesilo,,,10/08/2026 13:28
73fc79fa-1786-4fca-b299-5a84da4efe68,kimberly.page,premium,,,medium,low,8,,,,28/09/2026 08:56
904f6776-14e4-4095-afb0-3ef253763f6d,enwrapped.page,available,12.79,12.99,medium,low,9,namesilo,,,
52fbe124-c4ee-4b48-b689-be97869b50c7,problem.page,premium,311.25,,high,low,7,name.com,,,
8097c9d0-5579-4643-b24b-23a3742c13dc,hallux.page,available,12.79,12.99,medium,low,6,namesilo,,,23/09/2026 14:56
71871295-9c21-498f-92c3-77d510e286e7,adorable.page,premium,37.7,37.7,high,low,8,namecheap,,,21/09/2026 19:18
e9d46cdc-3541-4c32-8bb4-184667a58d9a,bear.page,premium,545.26,545.26,high,medium,4,porkbun,,,29/09/2026 01:42
8c676ee7-11d9-40f4-adb8-926e35c88b3d,fringe.page,premium,61.27,61.27,high,low,6,spaceship,,,29/09/2026 01:02
f3152144-fa9d-41f8-8976-521ace4b04f7,textual.page,available,12.79,12.99,high,low,7,namesilo,,,11/09/2026 12:20
bed87115-7348-4a8b-88f1-9ff3c586ba4f,plz.page,premium,70.21,70.21,high,low,3,namesilo,,,
ff6f7a84-f36c-4596-b546-3da7a605d0ed,illness.page,available,12.79,12.99,high,low,7,namesilo,,,
88618a4d-ba6c-4e54-870f-eadcbe8fe1d5,anteater.page,available,12.79,12.99,high,low,8,namesilo,,,16/09/2026 13:25
7b12fb80-19e7-456b-87ae-77b0ae5efe0a,anorgasmia.page,available,12.79,12.99,medium,low,10,namesilo,,,19/09/2026 11:47
8bee028a-d45e-43d1-b196-be518de382e5,albemarle.page,available,12.79,12.99,high,medium,9,namesilo,,,28/09/2026 22:21
d0e6e5d9-0b4b-487a-b25c-e097b1ddc014,arhant.page,available,12.79,12.99,medium,low,6,namesilo,,,20/09/2026 05:07
775b5560-162b-492b-9f2e-677b76d01c29,riggs.page,available,10.55,10.55,medium,low,5,spaceship,,,28/09/2026 08:07
64848c0c-0664-4538-acc3-09e5dd2ebd83,raucous.page,available,12.79,12.99,high,medium,7,namesilo,,,09/09/2026 10:38
1ffe78c9-3190-42e4-a6f4-2416835573f2,taliban.page,available,12.98,16.98,high,low,7,namecheap,,,27/09/2026 05:35
7c8be63d-e5a8-4294-b010-5d7e284034ee,lexington.page,premium,34.22,34.22,high,medium,9,namesilo,,,25/09/2026 08:56
adf5e4d6-6e37-416e-aa93-ed7680646980,antipode.page,available,12.79,12.99,medium,low,8,namesilo,,,19/09/2026 14:58
e4f00623-391e-4a50-b445-2d04f920239b,evilly.page,available,12.79,12.99,low,low,6,namesilo,,,14/09/2026 16:42
2c110e1c-124a-4232-87a5-646d43b3b14a,hanging.page,available,12.98,16.98,medium,low,7,namecheap,,,25/09/2026 04:41
8c3ed1a5-c24d-42d6-a0c5-e195c0300cd5,appointment.page,premium,61.27,61.27,high,low,11,spaceship,,,28/09/2026 06:29
92d0a26e-90e4-4794-834f-d7c2fa5a1e2c,troubled.page,available,12.79,12.99,medium,low,8,namesilo,,,14/08/2026 12:23
f7c74446-730a-4df1-bcb2-119d3b73b96c,notability.page,available,12.79,12.99,high,low,10,namesilo,,,03/09/2026 22:04
11b66aa3-6229-45dd-b4ef-65c2320fab6a,dodgy.page,available,12.79,12.99,medium,low,5,namesilo,,,12/08/2026 01:46
e7546bfd-0142-4808-967e-bd25d3a58950,nubile.page,available,12.79,12.99,medium,low,6,namesilo,,,24/08/2026 16:30
05f5344e-e555-4046-9c9f-386e0b049d40,chanel.page,available,12.79,12.99,high,high,6,namesilo,,,17/09/2026 23:07
3745ff62-548d-4b1a-bfb5-a8649396f72d,matte.page,premium,76.7,76.7,high,low,5,namecheap,,,25/09/2026 17:39
1c913a7f-e90f-48e4-bfb4-fcb47ac0c90a,languid.page,available,12.98,16.98,medium,low,7,namecheap,,,22/08/2026 18:03
05b466c0-cb4f-4402-b852-8ebc307152f8,bedcover.page,available,12.98,16.98,high,low,8,namecheap,,,22/09/2026 22:53
c47ed7b4-35b6-4b42-b61d-35cd185faaac,miners.page,available,10.55,10.55,medium,low,6,spaceship,,,28/09/2026 18:17
67a8554f-0769-4f05-af0f-625364189842,lollygag.page,available,12.79,12.99,medium,low,8,namesilo,,,11/09/2026 08:29
5657a034-94a4-4a7f-ba87-346d7195b63a,womanly.page,available,12.79,12.99,high,low,7,namesilo,,,13/09/2026 13:03
7a19d6f7-d082-4f5f-897c-3a88742351eb,regardless.page,available,12.79,12.99,high,low,10,namesilo,,,27/09/2026 11:13
a8435c43-c987-4a19-8a46-bfd8d07d03db,armoire.page,available,12.79,12.99,medium,low,7,namesilo,,,20/09/2026 07:20
648b5cce-292f-42f9-a6aa-66d1e9ee403a,offish.page,available,12.79,12.99,low,low,6,namesilo,,,04/09/2026 01:35
123d3096-0106-47ba-80d5-2dbd1b841a98,beheading.page,available,12.79,12.99,medium,low,9,namesilo,,,23/09/2026 03:20
4a606c8a-18e8-4714-9aae-367884728b1b,mummy.page,premium,70.21,70.21,high,low,5,namesilo,,,28/09/2026 10:18
e19eb390-6869-4ab4-875a-4c9d7b58444d,baseborn.page,available,12.79,12.99,low,low,8,namesilo,,,08/08/2026 21:34
b5192750-1a8c-4269-a9b0-db3ef7439b01,djiboutian.page,available,12.79,12.99,medium,low,10,namesilo,,,14/08/2026 14:08
7c7f369a-59e5-4de3-ab9b-033362aec7d8,starchy.page,available,12.79,12.99,medium,low,7,namesilo,,,11/08/2026 07:29
e385b96d-4f19-4932-bdb6-fc7cce19c19b,braised.page,available,12.79,12.99,medium,low,7,namesilo,,,11/08/2026 01:55
bfaf57ac-c60f-4c91-96cb-7b3d7b8a5337,buttermilk.page,available,12.79,12.99,high,low,10,namesilo,,,24/09/2026 11:20
92dc16cd-a7ec-4949-aaab-51a4eb276a8c,umbrellas.page,available,12.79,12.99,medium,low,9,namesilo,,,18/09/2026 22:52
d136d815-9b16-471a-915d-9d6a55458f75,roughish.page,available,12.98,16.98,high,medium,8,namecheap,,,09/09/2026 19:01
70ef18d8-84e2-4706-a2e5-9b54a2b04821,sessile.page,available,12.79,12.99,medium,low,7,namesilo,,,10/09/2026 04:59
828f23e9-4ead-407d-bd0a-e6b799292244,lofty.page,premium,34.22,34.22,high,low,5,namesilo,,,17/08/2026 15:42
296209f4-2277-4175-8e7e-642fcaf4298c,judaic.page,available,12.79,12.99,medium,low,6,namesilo,,,22/08/2026 13:17
22d95a22-18d6-463e-8c3e-a9e756cb2d0c,vocative.page,available,12.79,12.99,medium,low,8,namesilo,,,13/09/2026 06:31
de287a30-dc73-4ca0-9c29-06c0d1c7770b,too.page,premium,323.7,323.7,high,low,3,namecheap,,,28/09/2026 12:00
a17f0113-09b0-4c5e-98a2-55feb14b4c85,solitary.page,available,12.79,12.99,high,low,8,namesilo,,,24/08/2026 08:55
4aeb3aeb-e8a0-41af-b6df-4a576e96ba6b,ergo.page,premium,70.21,70.21,high,low,4,namesilo,,,14/09/2026 15:56
d279ed7d-85ad-487b-8d3d-483ca60ca5f6,holidays.page,premium,318.72,318.72,high,low,8,namesilo,,,20/09/2026 04:47
bc8a0bca-18b8-4b57-b200-a443d965542f,curves.page,premium,82.6,82.6,medium,low,6,namecheap,,,
5bb6801f-ba2b-4f80-924d-23553e78fa01,smallest.page,available,14,,medium,low,8,unstoppable,,,28/09/2026 17:15
156cae02-82f1-4f1c-8858-5e3ec29fbf35,republican.page,premium,34.22,34.22,high,low,10,namesilo,,,09/09/2026 14:43
3dcb5c39-1995-477e-a1df-853415712919,heartthrob.page,available,12.79,12.99,high,low,10,namesilo,,,
7ad9a71d-5869-4f48-9563-267815d7bf7e,anabas.page,available,12.79,12.99,medium,low,6,namesilo,,,19/09/2026 00:49
bf9ee86d-f45b-444a-8a96-1423fbc02303,biz.page,premium,318.72,318.72,high,low,3,namesilo,,,23/09/2026 23:18
61bdc24b-ebc5-4306-bb25-f524df2f7406,bourbon.page,premium,37.7,37.7,high,low,7,namecheap,,,24/09/2026 07:37
146adb30-0a91-49f6-a2f9-17e0a8bd128b,navarro.page,available,12.79,12.99,medium,low,7,namesilo,,,28/09/2026 08:00
6d24e682-7b12-4c45-a5fa-74cf8df2da13,chessboard.page,available,12.98,16.98,high,low,10,namecheap,,,24/09/2026 14:20
0348e2dc-85e7-484e-a0c9-701dbdf4d662,balthasar.page,available,12.79,12.99,high,low,9,namesilo,,,22/09/2026 00:15
92dfc96e-c98d-4b2c-8255-92476c6b949f,propitious.page,available,12.79,12.99,high,low,10,namesilo,,,09/09/2026 03:38
e75e625e-567e-43fb-98e4-36c7bf087d0f,starlit.page,available,12.98,16.98,medium,low,7,namecheap,,,10/09/2026 18:56
9b1812cc-3ff4-4dfc-9afe-8e247a4d394c,footle.page,available,12.79,12.99,medium,low,6,namesilo,,,11/09/2026 08:27
72328576-b8fe-432c-af0a-ad9b34eeb7ac,fitzroy.page,available,10.55,10.55,medium,low,7,spaceship,,,28/09/2026 23:19
4e256b15-0143-4fa2-8506-04a7843fd7e2,countess.page,available,14,,medium,low,8,unstoppable,,,28/09/2026 13:48
6c1b601f-398d-428b-acdd-51b9d34d3a60,welles.page,available,12.98,16.98,high,low,6,namecheap,,,27/09/2026 04:13
ab13291d-b7fe-42c5-b578-0a2546a3ac44,indicated.page,available,12.98,16.98,medium,low,9,namecheap,,,28/09/2026 12:56
d6bd8536-8b2f-43a1-9fe3-0576cb19aa16,carpetbag.page,available,12.79,12.99,medium,low,9,namesilo,,,11/08/2026 19:44
78dd248e-7a0d-4a01-bcf5-889b55c3b057,booze.page,premium,34.22,34.22,medium,low,5,namesilo,,,24/09/2026 07:21
c994fb62-3618-4b60-8e5d-a6a3a8044c3c,clinton.page,premium,70.21,70.21,high,low,7,namesilo,,,23/09/2026 15:58
ef79b85d-72bc-41b1-8d21-9b000ed68ebf,dalmatian.page,available,15.99,18.99,high,low,9,name.com,,,13/08/2026 16:00
8214ea41-e744-4061-8d23-d9a9a8b35336,sara.page,premium,323.7,323.7,high,low,4,namecheap,,,25/09/2026 21:30
a4ac8531-4a82-4491-a914-51613128f724,lillian.page,available,12.98,16.98,medium,low,7,namecheap,,,26/09/2026 03:34
fc681d12-a10d-41a8-8cf3-461fcc0f6a37,alight.page,premium,34.22,34.22,high,low,6,namesilo,,,
7e645967-fc96-4f4b-b72d-8374b65befd2,phonemic.page,available,12.98,16.98,medium,low,8,namecheap,,,08/09/2026 19:02
f8aecb67-c129-490f-86fc-af56f3ef2b0e,yowl.page,available,12.79,12.99,medium,low,4,namesilo,,,23/09/2026 06:24
ff479fa7-134c-4b8b-a7d6-5fffea8db94b,oakland.page,premium,70.21,70.21,high,low,7,namesilo,,,
4504c2bf-bcde-494a-8f7e-e68932684ee6,backhand.page,available,12.79,12.99,high,low,8,namesilo,,,08/08/2026 05:43
6b7d6cd3-946b-42d6-ad68-c3a49480360d,apron.page,premium,34.22,34.22,high,low,5,namesilo,,,19/09/2026 22:32
6d53dd31-d931-4115-84f1-7c56b388983e,renegade.page,premium,34.22,34.22,high,low,8,namesilo,,,06/08/2026 03:45
14549907-4d4f-4810-bac4-c5092eeb6131,salted.page,available,12.79,12.99,high,low,6,namesilo,,,11/08/2026 04:21
da838ad5-d5ef-4552-9f08-2f5dc9274455,melody.page,premium,165.12,165.12,high,low,6,namesilo,,,28/09/2026 02:24
2f528a1a-7c50-4e1d-a0e8-1279ed606ac5,myeloid.page,available,12.79,12.99,medium,low,7,namesilo,,,03/09/2026 12:06
bdf02491-74e7-4272-bbb8-597b081a2aa3,civilian.page,available,12.79,12.99,high,low,8,namesilo,,,12/08/2026 09:04
ca4c824b-84cb-4e6b-8855-2cbe02079945,ahem.page,available,12.98,16.98,high,low,4,namecheap,,,17/09/2026 20:20
57a39e53-92e5-40ae-8a50-675a60e4b310,chicness.page,available,12.79,12.99,medium,low,8,namesilo,,,12/08/2026 04:44
d58e0fef-d55b-46f8-9d2e-588d48a2cf61,satisfies.page,available,12.98,16.98,medium,low,9,namecheap,,,20/09/2026 14:54
713fbea0-4349-4a2a-a817-c0528bb05931,uncoiled.page,available,12.79,12.99,medium,low,8,namesilo,,,12/09/2026 05:44
7c1afd95-f0ba-46c6-b475-4a914471dcc0,aria.page,premium,161.25,161.25,high,medium,4,name.com,,,20/09/2026 05:09
137f3035-d580-440f-aa49-d37c75068082,slot.page,premium,623.75,,high,low,4,name.com,,,
09564e73-7254-40c9-8bb9-83d4f3b6f16e,subaltern.page,available,12.79,12.99,medium,low,9,namesilo,,,22/08/2026 14:29
1dae1539-908b-408c-b377-276a2437935e,defining.page,available,12.79,12.99,high,low,8,namesilo,,,10/09/2026 06:00
e47dd3dd-24a0-4334-8030-4cfc619c25b3,extensile.page,available,12.98,16.98,medium,low,9,namecheap,,,17/08/2026 19:01
83864e81-acda-4168-9cd5-9e1a2896778a,overturned.page,available,12.79,12.99,medium,low,10,namesilo,,,04/09/2026 21:55
3f0f6549-a355-4332-9517-5c2ef2174fee,concussion.page,available,12.79,12.99,high,low,10,namesilo,,,
37f36df7-90cb-4e8e-82d5-35034c0125f4,acre.page,premium,30.22,30.22,high,low,4,spaceship,,,28/09/2026 17:21
75f02e48-22b6-47ac-bc53-309560b6c1c0,biomass.page,premium,37.7,37.7,high,low,7,namecheap,,,23/09/2026 18:29
bddf072c-41d6-4110-8418-19bc9ee83fd9,serves.page,available,12.79,12.99,medium,low,6,namesilo,,,18/09/2026 11:42
611910fb-101a-4e7f-a4f7-0625efe454b0,pleased.page,available,12.79,12.99,high,low,7,namesilo,,,27/09/2026 04:08
e148c832-a5ea-4e9a-9c5e-cd43dc713c5c,frankie.page,premium,34.22,34.22,high,low,7,namesilo,,,26/09/2026 03:25
67808584-bf5a-41aa-b194-fcfe74b52c0b,destiny.page,premium,161.25,,high,low,7,name.com,,,
a50436e3-165c-4d6c-aa80-4f15af615da6,rallying.page,available,12.79,12.99,high,medium,8,namesilo,,,09/09/2026 09:56
fe3d25ab-143d-49bb-80fd-7e9bdac964c8,axenic.page,available,12.79,12.99,medium,low,6,namesilo,,,08/08/2026 01:51
4f95abdb-89db-4121-a20b-56946c020f81,attendance.page,available,12.79,12.99,high,low,10,namesilo,,,21/09/2026 01:23
d4e78829-6216-48ad-832e-d1ddf88740ff,annona.page,available,12.98,16.98,medium,low,6,namecheap,,,19/09/2026 10:30
94b0fabf-4abb-4207-aa08-f3be32b120d5,motorsport.page,available,12.79,12.99,high,low,10,namesilo,,,17/09/2026 06:38
fba041dc-6537-4ca1-a45b-76e3069042d9,ammonium.page,available,12.79,12.99,high,low,8,namesilo,,,18/09/2026 22:10
c3eae397-ab0a-4099-af02-aa1ce20792d2,nur.page,premium,249.2,,medium,low,3,unstoppable,,,28/09/2026 15:38
b8c89988-9112-40cf-ab29-edbaeac146ce,linnaean.page,available,12.79,12.99,medium,low,8,namesilo,,,23/08/2026 16:38
09bc4ded-25ea-4169-bcec-2f0620b9f53e,mickle.page,available,12.79,12.99,medium,low,6,namesilo,,,25/08/2026 00:32
7d90d4c1-96fb-4cb1-b56f-08e444dbd951,prof.page,premium,129.2,,high,low,4,unstoppable,,,28/09/2026 20:15
66816de4-e92a-46ca-9860-9584ceeac750,abrasion.page,available,12.79,12.99,high,low,8,namesilo,,,16/09/2026 16:56
a616d2c8-e62d-4616-b510-a908c9677ec4,lettered.page,available,12.79,12.99,medium,low,8,namesilo,,,22/08/2026 16:54
ad497334-b39c-47aa-b3bd-8489f7c8fcae,pentad.page,available,12.79,12.99,medium,low,6,namesilo,,,
004e2320-4910-43cc-a2af-d55a14b6728c,beauvoir.page,available,12.79,12.99,high,low,8,namesilo,,,22/09/2026 22:24
382163e6-4269-458b-830d-9362ac294c79,photograph.page,premium,34.22,34.22,high,low,10,namesilo,,,26/09/2026 00:03
6212d9ce-aa0e-4573-b0eb-63c4c08b335e,symmetric.page,available,12.79,12.99,high,low,9,namesilo,,,11/09/2026 06:03
9f13837c-f4b4-437f-9c4e-d6d648dc9a71,kuwaiti.page,available,12.79,12.99,high,low,7,namesilo,,,22/08/2026 17:05
934e4fb8-dd1a-4d0b-a305-197c60d789ce,cosy.page,premium,34.22,34.22,high,low,4,namesilo,,,13/08/2026 03:20
5d8fca23-1df6-4c05-ac18-36a21a95ff0d,staunch.page,available,12.98,16.98,high,low,7,namecheap,,,10/09/2026 19:22
62753ad2-b89f-4ad7-826a-d0e98c4ff6f6,premises.page,available,10.55,10.55,high,low,8,spaceship,,,28/09/2026 15:06
81528600-42fd-45b0-ac64-d2bca424f202,resources.page,premium,311.25,,high,low,9,name.com,,,
f76b7e71-7081-41e0-8588-203bb73b371f,individual.page,premium,165.12,165.12,high,low,10,namesilo,,,23/09/2026 13:06
e8bbc629-d772-4ee3-935d-fd506eca23d9,capone.page,available,10.55,10.55,medium,low,6,spaceship,,,28/09/2026 19:49
c0ee7c50-d644-4d8a-8612-74dcdc5d7d83,commode.page,available,12.79,12.99,high,medium,7,namesilo,,,09/09/2026 00:51
af7b7c36-a3e9-4cd3-9688-ecb3d82f12c6,victim.page,premium,34.22,34.22,high,low,6,namesilo,,,
5147e62d-17b1-400d-adbe-0dfcc93c79be,vintage.page,premium,516.67,516.67,high,low,7,spaceship,,,28/09/2026 20:39
9135f9f8-1642-4fd2-ac38-e6e0f87e6062,pondered.page,available,12.79,12.99,medium,low,8,namesilo,,,18/09/2026 02:08
d5c8eeee-d3e3-4233-824c-398266d1ce9e,parole.page,available,12.79,12.99,high,low,6,namesilo,,,28/09/2026 05:28
18cdc37f-2a3c-41f8-a710-9281b179cb89,bought.page,premium,161.25,,high,low,6,name.com,,,
675e0138-eb06-4e82-ae31-b1e07f2cf4a2,apoplexy.page,available,12.98,16.98,medium,low,8,namecheap,,,19/09/2026 19:09
48637d83-9648-4137-aca3-b5028231feae,coaches.page,premium,34.22,34.22,medium,low,7,namesilo,,,20/09/2026 07:46
1134f8ea-7373-49d2-9ca8-33d939374f82,ailment.page,available,12.79,12.99,medium,low,7,namesilo,,,21/08/2026 18:47
f3257a87-def4-4b8b-ad1f-e4bda36c57c0,housebound.page,available,12.79,12.99,medium,low,10,namesilo,,,21/08/2026 10:56
d3e90d44-6014-44e2-8d98-aee4909d77b9,murdering.page,available,12.79,12.99,medium,low,9,namesilo,,,28/09/2026 17:20
a1f2b184-876f-420a-9c6d-2a892642ebaf,ethnical.page,available,12.79,12.99,high,low,8,namesilo,,,17/08/2026 13:49
72366deb-168d-42f5-81d5-8414b1a57684,gradable.page,available,12.79,12.99,medium,low,8,namesilo,,,08/09/2026 03:31
bcb31c44-680a-4888-a723-c44914c70edf,nassau.page,premium,34.22,34.22,high,low,6,namesilo,,,
93e21b9f-0b67-42e1-ba81-13c107375b55,augusta.page,premium,34.22,34.22,high,low,7,namesilo,,,21/09/2026 03:54
c7fec979-4ee7-498f-89b2-f6d17d9eca53,subliminal.page,available,12.79,12.99,high,low,10,namesilo,,,11/09/2026 00:08
1d464165-7c56-445c-87b9-f9ad4df43683,sandwiches.page,available,12.79,12.99,medium,low,10,namesilo,,,28/09/2026 13:26
d3a4bfb1-f3bc-4343-b9a0-843d1d06afc1,astoria.page,premium,34.22,34.22,high,low,7,namesilo,,,28/09/2026 04:20
9b8fe94a-ec64-4e2a-b0a1-e095de2fa774,unnatural.page,available,12.79,12.99,medium,low,9,namesilo,,,
2b47f2f3-8de2-4da5-b20a-5d0bee7d55f5,provide.page,premium,311.25,,high,low,7,name.com,,,
6f0c503a-6b54-4107-83f6-ac5d81d5369f,bush.page,premium,76.7,76.7,high,low,4,namecheap,,,23/09/2026 11:53
1d0a90a6-4eba-4232-bab3-fb40f53590f9,resists.page,available,12.79,12.99,medium,low,7,namesilo,,,18/09/2026 10:58
3c4ee963-c383-4047-8821-fe708a24fb48,caparison.page,available,12.79,12.99,medium,low,9,namesilo,,,22/09/2026 05:11
c7cb39a6-69ab-4fe3-84e6-33b6b6a4b7ec,chester.page,premium,61.27,61.27,high,low,7,spaceship,,,28/09/2026 01:40
c90038be-5b5d-4a2c-adc3-4ab162a2b1fb,tends.page,available,10.2,10.2,medium,low,5,cloudflare,,,29/09/2026 04:58
5cbd6d7c-aad8-4480-abf3-3a56ee707c89,kind.page,premium,318.72,318.72,high,low,4,namesilo,,,25/09/2026 12:40
e97bce95-60ba-4be2-9789-a792bd2fdd8f,squeamish.page,available,12.98,16.98,medium,low,9,namecheap,,,04/09/2026 21:24
c94eee24-03bd-45b2-9618-1528a2c3f7d7,khakis.page,available,12.79,12.99,high,low,6,namesilo,,,
76459be4-19ae-4288-b926-9afcd56957ce,calender.page,available,12.79,12.99,high,low,8,namesilo,,,
0c96f580-7d45-484d-b84c-95f229d3253f,metal.page,premium,648.7,648.7,high,low,5,namecheap,,,25/09/2026 19:55
7a366f63-a03c-4091-841d-76473470aa93,anorectal.page,available,12.79,12.99,medium,low,9,namesilo,,,
c19d12cd-9083-4852-95b3-fa5fcdf3adba,flurry.page,available,12.79,12.99,medium,low,6,namesilo,,,17/09/2026 09:17
89bdccbf-7c44-49b6-b261-d8e4b37eb3e1,annoyance.page,available,12.79,12.99,high,low,9,namesilo,,,
34ba76ef-456b-4dfa-90ee-89011899909b,reasoned.page,available,12.79,12.99,high,low,8,namesilo,,,09/09/2026 11:08
a996fbed-3140-4281-b9f1-f76e8b855885,degree.page,premium,311.25,311.25,high,low,6,name.com,,,23/08/2026 00:33
92337e61-0a1a-465e-bbbb-9fbaf833877a,telegraph.page,premium,34.22,34.22,high,medium,9,namesilo,,,28/09/2026 05:22
12633480-e179-4759-9ff3-98a36a8cddf3,stretching.page,available,12.79,12.99,medium,low,10,namesilo,,,29/09/2026 02:14
d39821db-932e-48d7-adf7-07112bc2105d,involves.page,available,12.79,12.99,medium,low,8,namesilo,,,19/09/2026 23:56
f38ee9b3-c39b-4606-8b8e-7774faf70917,tompkins.page,available,12.79,12.99,medium,low,8,namesilo,,,28/09/2026 08:31
5cd7dd8e-4831-4a8d-8015-e5651dee9aa5,swore.page,available,10.55,10.55,medium,low,5,spaceship,,,28/09/2026 04:28
bebb9b37-902c-417c-9a9a-84b756ad16a5,things.page,premium,516.67,516.67,high,low,6,spaceship,,,28/09/2026 05:47
5eb8c07c-d506-4cf4-a35c-57b1d4e4cc68,subport.page,available,10.2,10.2,medium,low,7,cloudflare,,,28/09/2026 16:14
ce1bc573-3c28-4ead-9d97-77514fdef31b,pictures.page,premium,638.72,638.72,high,low,8,namesilo,,,25/09/2026 16:28
e6cc499d-55a5-47cc-bbb4-6342d32e90fd,endorse.page,available,12.79,12.99,high,low,7,namesilo,,,08/09/2026 09:45
30f18c7d-808f-454c-a975-8fb91386fd01,insular.page,available,12.79,12.99,medium,low,7,namesilo,,,22/08/2026 07:38
10659a12-7579-4ea9-8de3-62d5a709f073,anomalous.page,available,12.79,12.99,high,low,9,namesilo,,,
643318d3-244f-4a15-a3e1-69a859448473,androgyny.page,available,12.79,12.99,medium,low,9,namesilo,,,19/09/2026 04:54
db67d485-029d-46e6-a704-846c8941d3a1,osseous.page,available,12.98,16.98,medium,low,7,namecheap,,,04/09/2026 18:18
dbbd2bec-5439-4e6b-be1c-544dc3d4ca11,humanely.page,available,12.79,12.99,medium,low,8,namesilo,,,15/09/2026 01:17
04959211-af34-49c4-9dd9-0c76116cc857,garden.page,premium,638.72,638.72,high,low,6,namesilo,,,28/09/2026 23:23
4cbf0c4a-643e-4719-bbfe-768ad84dded7,driving.page,premium,318.72,318.72,high,low,7,namesilo,,,24/09/2026 12:10
4e9a8455-d6e4-48b9-b7b3-02ac27a88316,nantes.page,premium,34.22,34.22,medium,low,6,namesilo,,,28/09/2026 10:30
777ad08d-1f56-44a4-b884-b41d6edd9f33,medina.page,premium,70.21,70.21,high,low,6,namesilo,,,18/09/2026 01:29
93e92c6c-2734-44c9-a6ef-3457e849712f,adherent.page,available,12.79,12.99,high,low,8,namesilo,,,
4b586617-60e5-4b07-a0f3-79d07cf5c835,meaningful.page,available,12.98,16.98,high,low,10,namecheap,,,25/09/2026 18:37
89a0ae75-742d-4e3e-b31d-7d5e0dbf7986,shrinkable.page,available,12.79,12.99,high,medium,10,namesilo,,,10/09/2026 06:57
422ccbe5-c388-4064-8db9-3cbb8b70ad1b,physically.page,available,12.79,12.99,medium,low,10,namesilo,,,19/09/2026 14:53
452970b6-db17-47da-9c7c-80b1ff8a3832,katari.page,available,12.79,12.99,medium,low,6,namesilo,,,22/08/2026 15:12
a1851e65-4da1-4c25-8c57-7dd30bed1958,clouds.page,premium,167.7,167.7,medium,low,6,namecheap,,,27/09/2026 09:07
28c3c5e7-3e1d-4c69-bf6d-17e79d784dea,arcsec.page,available,12.79,12.99,medium,low,6,namesilo,,,20/09/2026 01:25
239d7115-f22e-4869-a7b8-00e400b8a2a1,chiefs.page,available,12.79,12.99,medium,low,6,namesilo,,,18/09/2026 03:19
d3d12b2a-4c8f-4c3f-a523-018d42e3fec6,cutaneous.page,available,15.99,18.99,medium,low,9,name.com,,,13/08/2026 12:54
8fd0f757-951d-42ba-823f-e4c467af856b,kobe.page,premium,,,high,low,4,,,,28/09/2026 02:14
dd2f01ee-3b05-43f7-9054-c65a3d75cb8c,criteria.page,available,12.79,12.99,high,low,8,namesilo,,,
dc87a6c4-8c18-4178-8f6d-2c23a9118d29,snafu.page,available,12.79,12.99,medium,low,5,namesilo,,,18/08/2026 17:20
70b2b197-874e-4553-a90a-af95cf59b96c,drummond.page,available,12.79,12.99,medium,low,8,namesilo,,,25/09/2026 15:26
f0b882f9-8025-4e47-befb-9247294c4c33,equable.page,available,12.79,12.99,medium,low,7,namesilo,,,17/08/2026 11:33
2609a817-8a63-41f2-9a13-b5af32db4865,agenesis.page,available,12.79,12.99,medium,low,8,namesilo,,,17/09/2026 17:08
81aa5abd-6b06-42a2-8ddc-e46326eb0040,utile.page,available,12.79,12.99,medium,low,5,namesilo,,,13/09/2026 00:01
cba935ff-7bf4-48f0-be00-576e41e18519,relevantly.page,available,12.79,12.99,medium,low,10,namesilo,,,15/09/2026 22:59
e30252b8-ce19-4419-acb9-7c910fa62a70,timbered.page,available,12.79,12.99,medium,low,8,namesilo,,,11/09/2026 15:59
340b02b5-e009-47a4-b12a-dda67b3dab87,beers.page,premium,34.22,34.22,medium,low,5,namesilo,,,27/09/2026 10:55
3dfcacb0-0607-4bc9-a652-044140e07ac6,mods.page,premium,73.75,,high,low,4,name.com,,,
13d6b476-325b-4d97-9e35-d7c2c0e882ed,shoebird.page,available,12.98,16.98,medium,low,8,namecheap,,,21/09/2026 20:37
e0f904c0-7a07-45fb-8f8d-064d89b1c030,investments.page,premium,59.2,70.21,high,low,11,unstoppable,,,28/09/2026 05:50
181b5d17-289a-4961-beee-6f51e571c281,nebraska.page,premium,70.21,70.21,high,low,8,namesilo,,,
9e020d34-76c4-4e02-8ae8-2aabc95bd2a0,dances.page,available,12.79,12.99,high,low,6,namesilo,,,
83321202-67f4-4a09-8505-b860d6e119ef,agreement.page,premium,61.27,61.27,high,low,9,spaceship,,,28/09/2026 08:10
0da31b3f-d831-4da1-ba9e-9fc7e3a50419,rosemary.page,premium,37.7,37.7,high,low,8,namecheap,,,28/09/2026 10:51
5134726c-015b-447a-aec5-b50f163f1386,blantyre.page,available,12.79,12.99,medium,low,8,namesilo,,,24/09/2026 04:05
6866e278-9495-4903-9eb7-cd3af3ca2c9c,rolf.page,premium,29.2,,high,low,4,unstoppable,,,28/09/2026 06:01
99ce0e17-e002-425b-ac52-c39e04e8af9e,explicitly.page,available,12.79,12.99,medium,low,10,namesilo,,,14/09/2026 17:07
2e33b691-1390-441c-8a38-f6bbb4c5ade7,injurious.page,available,12.79,12.99,medium,low,9,namesilo,,,14/08/2026 00:30
be0c3d14-89e8-4f49-925a-a3f69b503f27,windflower.page,available,12.79,12.99,high,low,10,namesilo,,,19/09/2026 05:19
c96792ed-f85f-423a-b10e-b49ffa6227be,provoking.page,available,12.79,12.99,high,low,9,namesilo,,,
60f3c68d-23a5-49b0-ad9e-d0b014be95eb,download.page,premium,648.7,648.7,high,low,8,namecheap,,,28/09/2026 06:58
b07ca229-0ea8-455a-a77a-4a56ab630dd7,sonant.page,available,12.79,12.99,medium,low,6,namesilo,,,10/09/2026 14:08
6c5b4a7f-2ef1-43f6-8c56-a8a16a53dd69,hanson.page,premium,70.21,70.21,high,low,6,namesilo,,,25/09/2026 13:05
1f3fcadc-9185-4c3e-84b0-b7d3783dfff7,dew.page,premium,70.21,70.21,high,low,3,namesilo,,,
252a3c6f-93bb-4d65-9ec6-7b5ee739fda0,aviatrix.page,available,12.79,12.99,high,low,8,namesilo,,,17/09/2026 23:25
27436fe6-f23e-401d-9619-c5209bc29adf,dehydrated.page,available,12.79,12.99,medium,low,10,namesilo,,,14/08/2026 00:06
876df2ae-e1b4-4239-86cc-c5181e709536,encased.page,available,12.98,16.98,medium,low,7,namecheap,,,11/08/2026 20:06
408ae3b6-73cd-4f47-9aef-46b6a7bb7d15,aldose.page,available,12.98,16.98,high,low,6,namecheap,,,18/09/2026 04:38
1709ae2c-039a-4eba-83ba-cc64aa65eecb,hunter.page,premium,323.7,323.7,high,medium,6,namecheap,,,27/09/2026 04:29
6ad27f7c-7f83-40ae-9fe9-e206fd1a8c4f,vibrate.page,available,12.79,12.99,high,low,7,namesilo,,,
037b8174-0053-4976-b74b-608c355573c2,stilt.page,available,12.79,12.99,medium,low,5,namesilo,,,21/09/2026 04:51
91a90b19-3507-4e2c-b317-9ac127bcd486,conceal.page,available,12.79,12.99,high,low,7,namesilo,,,
92a9a393-00be-47e4-bacc-6b79d5094490,registered.page,premium,70.21,70.21,high,low,10,namesilo,,,27/09/2026 11:32
5cb70bea-8812-40da-bff4-4d539650fff0,bagatelle.page,available,12.98,16.98,medium,low,9,namecheap,,,21/09/2026 17:53
88820777-d5a2-43aa-954a-3b5f56c33b90,josephine.page,available,12.79,12.99,high,low,9,namesilo,,,28/09/2026 12:04
ca0ee116-028d-43ec-a0bb-cc2d89b4873d,mosey.page,available,12.98,16.98,medium,low,5,namecheap,,,18/09/2026 17:00
3362a8be-de86-4379-8a8f-09a3f31928d4,barycenter.page,available,12.79,12.99,medium,low,10,namesilo,,,22/09/2026 09:39
377b3284-3ca4-4ab3-a927-215c8dd56911,shenandoah.page,available,10.2,10.2,medium,low,10,cloudflare,,,27/09/2026 21:14
2308680b-d1b7-4d61-9cb3-57fe1349bd4f,escape.page,premium,638.72,638.72,high,low,6,namesilo,,,24/09/2026 23:22
6963fe08-1d36-430f-b90d-8dbe1e0d2f64,sang.page,premium,76.7,76.7,high,low,4,namecheap,,,18/09/2026 20:03
9c0b819b-cb3f-4f73-b605-a0227bdf67a8,amah.page,available,12.79,12.99,medium,low,4,namesilo,,,18/09/2026 15:37
7b06fe77-5545-4a47-bf3e-dee7cb5f0409,highly.page,available,10.55,10.55,medium,low,6,spaceship,,,28/09/2026 14:51
9de7e618-152e-4ccd-a781-7f1d2fb2ed99,dissolute.page,available,15.99,18.99,medium,low,9,name.com,,,13/08/2026 20:19
2d40672d-00d4-45a9-bcab-871b9e6a8da8,sidesaddle.page,available,12.79,12.99,medium,low,10,namesilo,,,16/09/2026 01:43
ed99099b-3a99-41c2-a565-94fbf4f6f932,knocked.page,available,12.79,12.99,low,low,7,namesilo,,,25/09/2026 18:45
b67394f1-4f94-4a84-9f8b-f80d6b6649ed,gumptious.page,available,12.98,16.98,medium,low,9,namecheap,,,20/08/2026 20:57
bd96145f-3bdc-4b06-8bf8-29dc7f1caf68,comatose.page,available,12.98,16.98,medium,low,8,namecheap,,,12/08/2026 18:25
6dbfa98a-053a-48ad-b9e5-1d03cea91a30,ironed.page,available,12.79,12.99,medium,low,6,namesilo,,,22/08/2026 10:04
2d8a8f04-b1c6-4f43-9ace-86a6f9dd507e,madness.page,premium,34.22,34.22,high,low,7,namesilo,,,27/09/2026 04:07
cfa1f00b-a820-48d9-9694-efa356640c5a,money.page,premium,1248.75,,high,medium,5,name.com,,,
e21e983c-f7bb-4d01-b827-e1fa0b8b4a01,nonhuman.page,available,12.98,16.98,medium,low,8,namecheap,,,03/09/2026 19:22
c6dd7588-1ea5-46dd-93f9-b986c434fdd4,never.page,premium,318.72,318.72,high,low,5,namesilo,,,28/09/2026 16:23
fbb5bca0-fd08-4d82-adc8-955a89d178f7,bowl.page,premium,167.7,167.7,high,low,4,namecheap,,,24/09/2026 07:38
5bb7176b-568b-4d7f-8d67-907e7b15d8b1,arminius.page,available,12.79,12.99,medium,low,8,namesilo,,,20/09/2026 07:08
12dfc038-1407-4e85-845b-8d5b3a643179,critique.page,available,15.99,,high,low,8,name.com,,,
f7e9cb73-1355-49d1-9d5f-9a3e41872cec,belisarius.page,available,12.79,12.99,medium,low,10,namesilo,,,23/09/2026 05:17
6071210d-618f-42ab-8726-5c0c6092c2e6,acantha.page,available,12.98,16.98,medium,low,7,namecheap,,,16/09/2026 20:38
6b2af457-2bb4-4160-8cf6-7c82b35e8e3d,airdock.page,available,12.98,16.98,medium,low,7,namecheap,,,17/09/2026 23:04
d8f15cc8-d0ad-4fa0-8f0b-7a3752ab2f91,fanned.page,available,12.79,12.99,medium,low,6,namesilo,,,17/08/2026 22:09
50a6abd6-7274-4fbe-ad38-aef97a6e2db9,maintained.page,available,12.79,12.99,high,low,10,namesilo,,,25/09/2026 12:29
6597177c-fcbe-4bb4-b339-3b4b043c0822,diffusive.page,available,12.79,12.99,medium,low,9,namesilo,,,14/08/2026 07:10
62c2ee1a-67e9-4088-9175-15e8c41558c9,mask.page,premium,311.25,,high,low,4,name.com,,,
f8d4bed4-e322-4652-89bd-f5a05d17afcf,keyed.page,available,12.79,12.99,medium,low,5,namesilo,,,22/08/2026 15:42
5e21546a-4656-4f0d-9393-0f140f966b8a,parched.page,available,12.79,12.99,medium,low,7,namesilo,,,
679e52c9-4953-453b-92f6-f01cf479dfed,dignified.page,available,12.79,12.99,high,low,9,namesilo,,,24/09/2026 08:18
257ea2e7-0316-46b7-97b5-42bb69ce8bf8,placoid.page,available,12.98,16.98,high,medium,7,namecheap,,,08/09/2026 20:16
8b18672d-e070-494a-8df8-203c27e1e3c6,aventurine.page,available,12.79,12.99,medium,low,10,namesilo,,,21/09/2026 09:07
aba3bb41-35b3-448d-88ef-9f31f0b8ec7f,anuria.page,available,12.79,12.99,medium,low,6,namesilo,,,19/09/2026 15:55
34c51624-a2d3-4a30-a14f-4eaf426174cc,reversive.page,available,12.79,12.99,medium,low,9,namesilo,,,09/09/2026 16:11
1219d26d-c0d9-431e-8a94-f32ed09774b0,calming.page,available,12.98,16.98,high,low,7,namecheap,,,19/09/2026 20:28
77b3cf67-bd93-45f7-afe6-1e103d4bf9cb,gown.page,premium,70.21,70.21,high,low,4,namesilo,,,28/09/2026 05:51
35036dc9-935f-4581-8cda-25b96edde89f,venereal.page,available,12.79,12.99,medium,low,8,namesilo,,,18/08/2026 21:42
19e952ad-da68-4420-a5ef-f37c5e200ed4,abila.page,available,12.79,12.99,medium,low,5,namesilo,,,16/09/2026 15:52
5052df04-0020-49f3-907d-5d8849abb169,barbershop.page,available,12.79,12.99,high,low,10,namesilo,,,22/09/2026 04:52
7b0bf415-2a3a-4b50-b9f9-84f6ab1cc923,cunning.page,available,12.98,16.98,medium,low,7,namecheap,,,24/09/2026 01:26
d9fd4efc-aacf-46ac-a351-d05f5bde8dfb,rancid.page,available,12.79,12.99,high,medium,6,namesilo,,,09/09/2026 10:12
2d90af91-86b9-4e0b-a3fc-02bc757dfc8b,blok.page,premium,34.22,34.22,high,low,4,namesilo,,,18/09/2026 05:01
b5351150-c681-4ca0-8dde-79284c9e66a6,doze.page,available,12.79,12.99,high,low,4,namesilo,,,24/09/2026 23:43
ad2d7bb2-409f-44ae-9b12-e80ecfa9531c,orally.page,available,12.98,16.98,medium,low,6,namecheap,,,15/09/2026 18:11
7ba0b1cd-0bac-43da-8830-9c1c22ac227c,exec.page,premium,34.22,34.22,high,low,4,namesilo,,,
273ee94d-f04b-45fd-bd7d-afd92e6767f2,pricey.page,available,12.79,12.99,medium,low,6,namesilo,,,21/08/2026 08:57
912b26aa-2247-4a97-ac34-fde727eb8183,clocks.page,premium,70.21,70.21,high,low,6,namesilo,,,18/09/2026 06:14
4fbd3832-ecd2-442e-aeb2-c7546ca1be1a,ontogeny.page,available,12.98,16.98,medium,low,8,namecheap,,,20/08/2026 20:29
6eb6a0c7-b870-47cd-862e-8e2aa2baa2d4,osmotic.page,available,12.98,16.98,medium,low,7,namecheap,,,04/09/2026 18:15
b39b3c8c-6fb7-4995-a197-e6f8e3682d09,willow.page,premium,70.21,70.21,high,low,6,namesilo,,,
c900a84f-1219-4883-9888-91919773fae7,bannock.page,available,12.79,12.99,medium,low,7,namesilo,,,22/09/2026 02:55
4c08bfef-1e0b-4b46-95a7-85ed9bfbc762,giovanni.page,premium,34.22,34.22,high,low,8,namesilo,,,25/09/2026 14:42
1f9e624c-ba66-4d16-9135-22940a086a91,grabby.page,available,12.79,12.99,medium,low,6,namesilo,,,07/08/2026 21:58
4e2b10e7-b67d-4f8b-b3f7-6c0e9eadff3b,diploma.page,premium,161.25,,high,low,7,name.com,,,
a9497d2b-9512-452d-9fae-2e28a4623b85,cochlear.page,available,12.79,12.99,medium,low,8,namesilo,,,12/08/2026 14:45
12703f65-b3fb-43f9-b795-7bf2d65cd13e,staying.page,available,12.79,12.99,high,low,7,namesilo,,,25/09/2026 12:05
f0a4fca8-c04b-4c6c-8377-73ee29ae858a,trashy.page,available,12.79,12.99,medium,low,6,namesilo,,,18/08/2026 06:44
7fe096c3-9057-43dc-aefb-48f0b898f8c3,tutorial.page,premium,323.7,323.7,high,low,8,namecheap,,,11/09/2026 21:31
042b0dd5-0635-4b4c-834a-b8f6cd4d79a2,unlined.page,available,12.79,12.99,medium,low,7,namesilo,,,12/09/2026 14:54
55b0bc9a-45d6-4a1e-9387-43e70d899501,ampulla.page,available,12.79,12.99,medium,low,7,namesilo,,,18/09/2026 23:51
6cc8d60f-0ffb-4dfb-975d-df3a171ee510,effects.page,premium,165.12,165.12,high,low,7,namesilo,,,27/09/2026 03:49
d8858656-da40-4551-9dc6-4c2da198e615,exaggerate.page,available,12.79,12.99,high,low,10,namesilo,,,
ad7ba7f3-26aa-4512-aaa2-91becd68290d,feast.page,premium,34.22,34.22,high,low,5,namesilo,,,22/09/2026 03:01
ba686f85-529a-4afe-b0f7-7a0debda79ba,macleod.page,available,19.99,19.99,medium,low,7,godaddy,,,28/09/2026 02:12
266c1d70-744c-4498-983d-4cc05b2749a1,lousy.page,available,15.99,18.99,medium,low,5,name.com,,,24/09/2026 01:33
2b1e04cc-3ba4-4285-8ad6-86caf6319f0e,markoff.page,available,12.79,12.99,medium,low,7,namesilo,,,19/09/2026 04:18
fcfd9446-6d53-4332-81c2-e018833960a3,maturity.page,available,12.98,16.98,high,low,8,namecheap,,,17/09/2026 10:27
ed07b1dd-bc3f-4240-b3d7-11b74c120aa1,cork.page,premium,70.21,70.21,high,low,4,namesilo,,,29/09/2026 00:12
275f639e-6d3b-485a-96cc-40ead9d7feed,braced.page,available,12.79,12.99,medium,low,6,namesilo,,,11/08/2026 00:17
66120be4-2876-4c43-bb3e-7e4a3765c23d,bedevil.page,available,12.98,16.98,medium,low,7,namecheap,,,14/08/2026 21:15
95186f70-5449-4736-96bd-b831b2896fc0,hangnail.page,available,12.98,16.98,medium,low,8,namecheap,,,17/09/2026 18:26
44ac03f0-c1d1-4648-87a8-f5bfe3448849,dumas.page,available,12.79,12.99,medium,low,5,namesilo,,,18/09/2026 05:57
2d1235ec-4733-4837-a6e2-b9f723781fd9,conjoin.page,available,12.79,12.99,high,low,7,namesilo,,,13/09/2026 09:37
d3a101ca-9ee7-48c6-a671-c2474e543810,kepler.page,premium,29.2,,medium,low,6,unstoppable,,,29/09/2026 01:24
b9b42377-b1bc-4f3c-b4c9-7642a29646b5,appliance.page,premium,70.21,70.21,high,low,9,namesilo,,,19/09/2026 21:44
f1ccff56-9c93-4d2a-9a5d-61dbea69bd7d,hatred.page,available,12.79,12.99,medium,low,6,namesilo,,,
6b23750a-4324-48d7-8d75-070a346329ae,attired.page,available,12.79,12.99,medium,low,7,namesilo,,,06/08/2026 04:47
2797d3a3-bcb5-44a7-8c13-85ca06b287ca,barracks.page,available,12.98,16.98,medium,low,8,namecheap,,,28/09/2026 13:08
8dd4996e-088f-4986-b7e4-c0257b8daaee,fearfully.page,available,12.98,16.98,medium,low,9,namecheap,,,14/09/2026 18:04
01cf9da8-8473-4717-9ceb-e88139e59a84,jabber.page,available,12.79,12.99,high,low,6,namesilo,,,
a5e233f5-c0a3-4bc9-8c8f-62425e66828d,boned.page,available,12.79,12.99,medium,low,5,namesilo,,,10/08/2026 18:34
dc4d19ac-fd18-473c-b5fc-ddc907603982,leverage.page,premium,29.2,,high,low,8,unstoppable,,,29/09/2026 01:34
eb6c2d87-4823-4351-8fc0-7bb7e4495dab,abeyance.page,available,12.79,12.99,medium,low,8,namesilo,,,16/09/2026 15:20
7eaefc50-d027-4f27-9c2b-1cb5a79c1128,affair.page,premium,70.21,70.21,high,low,6,namesilo,,,17/09/2026 13:59
9aee0cd8-033c-4e3d-a235-6ad67cbf4774,woodbridge.page,available,10.55,10.55,medium,low,10,spaceship,,,28/09/2026 16:49
b4824c4b-f49c-45b8-9659-c0c20015ef19,boyd.page,premium,34.22,34.22,high,low,4,namesilo,,,25/09/2026 14:55
2841c64a-62d9-47c6-bb3e-cf3bac055e1c,lamentably.page,available,12.79,12.99,low,low,10,namesilo,,,14/09/2026 11:50
63681852-97ee-415f-a10c-8a92c8fdf75e,amaurosis.page,available,12.79,12.99,medium,low,9,namesilo,,,18/09/2026 16:17
9e958775-16ec-49b7-8d31-a9b01cc6fe14,roumanian.page,available,12.98,16.98,high,medium,9,namecheap,,,09/09/2026 18:29
b4e6687a-3b5e-4a59-90f9-35dd957cbfc8,underneath.page,available,12.79,12.99,high,low,10,namesilo,,,16/09/2026 09:57
86fcc62f-3a86-4673-b516-73a0aec2fb28,ameer.page,available,12.98,16.98,medium,low,5,namecheap,,,18/09/2026 18:04
e0c8de83-1656-40a1-a572-2791ba5900f3,osmium.page,available,12.79,12.99,medium,low,6,namesilo,,,20/09/2026 23:48
42f1e620-fb76-4bd4-a195-b0ed181e9276,testy.page,available,12.79,12.99,medium,low,5,namesilo,,,22/08/2026 10:29
84592d7a-9250-49ee-af2e-6654777c935c,parenteral.page,available,12.79,12.99,medium,low,10,namesilo,,,08/09/2026 01:19
c0f8fa05-97a3-4f6b-920b-b119d9b9a535,freiburg.page,premium,29.2,,high,low,8,unstoppable,,,28/09/2026 03:48
1ca78206-9b08-4888-b2aa-4226084d2a93,samarium.page,available,12.79,12.99,medium,low,8,namesilo,,,20/09/2026 23:24
a02d1adb-139d-4ce7-a4c9-6178a317d8e8,severe.page,available,12.79,12.99,medium,low,6,namesilo,,,22/09/2026 13:18
99d762ab-3569-47d0-b1c9-1bc9cd8b3e0a,sculpture.page,premium,73.75,73.75,high,low,9,name.com,,,20/08/2026 18:45
18cc471d-8f9a-49f1-bf57-da1bff4afa0b,autopilot.page,available,12.79,12.99,high,low,9,namesilo,,,21/09/2026 06:54
13645064-bfb3-4191-924f-91114c845d19,shunning.page,available,12.79,12.99,medium,low,8,namesilo,,,21/09/2026 09:50
a5fc3630-6f5d-4490-a7bd-fb155f4e0c5c,amazona.page,available,12.98,16.98,medium,low,7,namecheap,,,18/09/2026 16:23
b3bdd731-20f7-49ad-85ab-1e12cf453e5c,washes.page,available,12.79,12.99,medium,low,6,namesilo,,,20/09/2026 04:54
123bf4cb-1389-452b-ac99-7222cbe13885,bethel.page,premium,34.22,34.22,medium,low,6,namesilo,,,23/09/2026 11:13
a34898e0-ca84-4ce9-9d50-047bf110bf37,proceedings.page,available,12.79,12.99,medium,low,11,namesilo,,,28/09/2026 12:34
0837817a-7dad-408f-8a10-ab7bf006c8a1,variety.page,premium,70.21,70.21,high,low,7,namesilo,,,25/09/2026 12:52
b129b117-8d9d-4b5f-af27-59a7ff27f037,anjou.page,available,12.79,12.99,high,low,5,namesilo,,,19/09/2026 09:39
9bd98cf2-a9bd-4918-b494-86208d5bdd27,sinking.page,available,12.79,12.99,medium,low,7,namesilo,,,28/09/2026 06:45
fba29df5-aad4-4638-82a5-11e4dcab194e,amnesiac.page,available,12.98,16.98,medium,low,8,namecheap,,,
2df3b836-5d45-4efa-85f7-3f79ea506109,anticipate.page,available,12.79,12.99,high,low,10,namesilo,,,
b34fc529-1673-4cca-80ab-dc57b0e93385,parvati.page,available,12.79,12.99,medium,low,7,namesilo,,,19/09/2026 02:21
81306968-00ee-46e6-a914-5691ca0ce3ff,jockstrap.page,available,12.98,16.98,medium,low,9,namecheap,,,20/09/2026 21:10
9bf957cc-e62f-40b0-b663-756cef8a9ee3,calculates.page,available,12.79,12.99,medium,low,10,namesilo,,,21/09/2026 10:23
d37163fe-d6d6-4cf7-a9a9-23a3e0a2de1a,without.page,premium,311.25,,high,low,7,name.com,,,
fc7ef170-d201-49e5-b60e-2a26a4b0d028,amort.page,available,12.98,16.98,medium,low,5,namecheap,,,
7ba38cf3-414d-4beb-9370-7387fa0f2e0d,gower.page,available,10.55,10.55,medium,low,5,spaceship,,,29/09/2026 04:18
edc9b9c1-b105-4792-b607-e004950b80bf,unranked.page,available,12.79,12.99,medium,low,8,namesilo,,,12/09/2026 17:44
9cbe1601-48c6-41bf-b656-53f6f6ca0da8,hindoo.page,available,12.79,12.99,medium,low,6,namesilo,,,21/08/2026 09:33
fcd06048-c78d-49ed-b9f2-fef59514f391,ingress.page,premium,34.22,34.22,high,low,7,namesilo,,,22/08/2026 01:52
33ff5d05-9bb8-4bb1-854c-9328f6dc26b9,argyll.page,available,12.79,12.99,medium,low,6,namesilo,,,20/09/2026 04:56
e54421d6-41df-4b4d-9b33-030aec7b3679,displayed.page,available,14,,high,low,9,unstoppable,,,28/09/2026 21:19
b82afd91-3ca9-43f8-bc15-72be1365b49c,postoffice.page,premium,34.22,34.22,high,low,11,namesilo,,,
9772f188-915f-44ee-9cf3-3f1ed2cbdc65,columbus.page,premium,,,high,low,8,,,,28/09/2026 05:23
3146f8b3-0a11-4445-b29d-c5670dcea221,charnel.page,available,12.79,12.99,medium,low,7,namesilo,,,12/08/2026 02:37
8aa265d8-41f1-4813-a6b7-428fd3ef8629,valuator.page,available,12.79,12.99,medium,low,8,namesilo,,,19/09/2026 22:13
122eba20-7187-4b91-9b66-17ce9db857d4,manager.page,premium,638.72,638.72,high,low,7,namesilo,,,24/09/2026 16:11
df5f5503-92f5-4d1f-8b53-eb03cfb42cc0,mcleod.page,available,12.79,12.99,high,low,6,namesilo,,,27/09/2026 06:53
a3c4b437-011e-4d4e-87ab-bbb98ce1e415,mediocre.page,available,12.98,16.98,high,low,8,namecheap,,,25/09/2026 18:51
31e029e6-216a-42de-bd38-daec8aef1b62,long.page,premium,648.7,648.7,high,low,4,namecheap,,,24/09/2026 21:14
fa990092-52df-42ff-b16d-73b835d798bf,efficiency.page,premium,70.21,70.21,high,low,10,namesilo,,,28/09/2026 03:34
dc9b8ebe-e461-4b4f-b9bb-9bdb9a0111d8,adagio.page,available,12.79,12.99,high,low,6,namesilo,,,
4fc15b10-46d1-446f-be26-8210a3ebd00a,backstretch.page,available,15.99,,high,low,12,name.com,,,
cc4b1fe2-c0db-4506-ab2a-9cf9a96b3231,accomplished.page,available,12.79,12.99,high,low,12,namesilo,,,
88d173b1-6f25-4879-8558-b789b32fc2f9,distance.page,premium,257.92,257.92,high,low,8,spaceship,,,28/09/2026 20:43
5e1b662f-7d25-4dff-b3b1-f7f27fcb5739,mathematics.page,premium,37.7,37.7,high,low,11,namecheap,,,28/09/2026 03:31
4c8a4df2-aff1-4377-ac85-8065e513fd80,flexible.page,premium,76.7,76.7,high,low,8,namecheap,,,23/09/2026 18:12
05c07572-c311-40a1-9e75-859a58e110a6,filetypes.page,available,12.79,12.99,low,low,9,namesilo,,,20/09/2026 01:57
37950b1c-4ac9-41f0-b884-70d393d8ab49,cutting.page,premium,73.75,73.75,high,low,7,name.com,,,13/08/2026 13:12
e4242d7e-4756-47c1-bc22-490e21da4833,wieldy.page,available,12.79,12.99,medium,low,6,namesilo,,,13/09/2026 11:52
79a981b9-3e98-4a37-9758-38cd457efa0c,antigram.page,available,12.79,12.99,low,low,8,namesilo,,,19/09/2026 14:31
410fbdac-efe3-4711-9d35-fdf181d9f07a,naughty.page,premium,311.25,311.25,high,low,7,name.com,,,18/08/2026 20:00
6bbeb508-9890-4dff-8dde-fe8f8cf0d7b2,encodes.page,available,14,,low,low,7,unstoppable,,,28/09/2026 17:50
eed7d29a-9edc-4c50-8b9a-2ae8233d9a91,cryogenic.page,available,12.79,12.99,medium,low,9,namesilo,,,13/08/2026 09:35
824467d8-5365-41e8-aaee-007ed519aef3,renewed.page,available,12.79,12.99,high,low,7,namesilo,,,09/09/2026 14:04
e72212c0-dcd8-4739-a874-9d3da5e43d1e,uncreative.page,available,12.79,12.99,medium,low,10,namesilo,,,12/09/2026 06:24
cf638e69-5532-4e40-8a79-de3c7e736ad8,wastefully.page,available,12.79,12.99,medium,low,10,namesilo,,,15/09/2026 21:36
f667e1fd-1c71-449f-b0d5-9ef2271c6aa8,shrink.page,available,19.99,19.99,high,low,6,godaddy,,,28/09/2026 01:56
a3652b77-6297-4fc3-8ce3-8a6101315659,doctrinal.page,available,12.79,12.99,medium,low,9,namesilo,,,14/08/2026 14:25
bbb7211b-d66d-4b69-a586-dbfccfaecc89,diversify.page,available,12.79,12.99,high,low,9,namesilo,,,
b2696fe1-3c5f-4f1d-aff7-b03f82e8882e,http.page,premium,623.75,,high,high,4,name.com,,,
d15d2fa2-cb1c-4cfd-80f7-ecdfd51dbe7d,antioxidant.page,available,12.79,12.99,high,low,11,namesilo,,,
c433fbb9-5786-44eb-ac66-9541311552b5,wines.page,premium,165.12,165.12,high,low,5,namesilo,,,18/09/2026 10:23
7787a595-82f8-43d8-aa19-a9ead11220f1,trip.page,premium,1278.72,1278.72,high,low,4,namesilo,,,08/09/2026 04:57
4b91fc78-d80e-4c43-8cd0-eacdbaeb106e,sensate.page,available,12.79,12.99,high,low,7,namesilo,,,10/09/2026 03:44
11e9d707-495f-47c6-b11f-e55c024d8a88,gauche.page,available,12.79,12.99,medium,low,6,namesilo,,,18/08/2026 20:41
4abf9d1c-4fee-46f1-b071-e3fc961e1825,ehrlich.page,available,12.79,12.99,medium,low,7,namesilo,,,29/09/2026 00:46
beafb7f0-f2e5-43d2-9733-570a7eff3e6e,relationships.page,premium,76.7,76.7,medium,low,13,namecheap,,,17/09/2026 20:15
cac35710-d9b8-455a-87ca-f5c921dadbd0,elmer.page,available,10.55,10.55,medium,low,5,spaceship,,,29/09/2026 03:21
6c14bf2b-2dc6-4cff-b419-9af67448b357,charlton.page,available,10.2,10.2,medium,low,8,cloudflare,,,27/09/2026 19:17
96f1a8e4-b957-4157-ba23-10b2ec7e73d5,obvious.page,premium,34.22,34.22,high,low,7,namesilo,,,25/09/2026 23:50
e49c1419-d942-4df7-b0a0-ca7d06c005cf,hammer.page,premium,161.25,,high,low,6,name.com,,,
e0b4ef89-981a-4fab-bb59-fce34fd74c4e,abscessed.page,available,12.79,12.99,medium,low,9,namesilo,,,
25568f7e-141b-43fd-928c-e3ee7f13b499,steak.page,premium,73.75,,high,low,5,name.com,,,
8c70d04c-d3e9-4b14-978b-902de112dbf0,understandable.page,available,12.79,12.99,high,low,14,namesilo,,,
ddba4d40-3d16-4f95-bd56-55e541480cf0,bright.page,premium,318.72,318.72,high,medium,6,namesilo,,,23/09/2026 09:27
a9a87479-c391-4289-8534-384d00f58274,someone.page,premium,318.72,318.72,high,low,7,namesilo,,,25/09/2026 09:13
7ab16de2-d01b-44e8-8cbb-9c304b10fb13,milch.page,available,12.79,12.99,medium,low,5,namesilo,,,24/08/2026 22:55
94d7a9f5-ea1b-4326-bbff-4a2eb58a7bbc,invented.page,available,12.79,12.99,high,low,8,namesilo,,,
8b4e35a1-a26b-4f8d-aaa5-4e5bc40af260,cuboid.page,available,12.79,12.99,medium,low,6,namesilo,,,13/08/2026 09:58
2263dc28-b8c7-4173-8731-06a557939cee,reign.page,premium,70.21,70.21,high,medium,5,namesilo,,,09/09/2026 01:30
00e95fd6-31e6-4c7e-b5a9-cbf53acedf7b,engraved.page,available,12.79,12.99,high,low,8,namesilo,,,17/08/2026 07:40
1e3ed248-f949-4b15-90a0-5f3fa6575b24,childly.page,available,12.79,12.99,medium,low,7,namesilo,,,12/08/2026 05:14
16452763-a030-4534-a1aa-24569bdb7da0,freshly.page,available,12.79,12.99,high,low,7,namesilo,,,18/08/2026 15:18
f58f9791-fe9c-41ab-b3d9-598dae6490b9,eeg.page,premium,59.2,,high,low,3,unstoppable,,,28/09/2026 19:03
d8cc4b5a-50f8-4d9a-b951-3c526d881ce8,depressant.page,available,12.79,12.99,medium,low,10,namesilo,,,14/08/2026 02:39
8859a65b-9e2c-4b59-867a-1f2403bfa9c1,pyramidic.page,available,12.79,12.99,medium,low,9,namesilo,,,09/09/2026 06:57
2de72d2d-f078-4878-83df-1aecefba5607,polyester.page,available,12.79,12.99,high,low,9,namesilo,,,
ae8f24be-13d3-4af3-afbb-00234f97a476,counting.page,available,12.79,12.99,high,low,8,namesilo,,,25/09/2026 04:26
34277b1f-77cd-4b9e-94d1-0ead96e3c4a5,wikileaks.page,available,15.99,,medium,low,9,name.com,,,
e3eec376-4a45-4582-a06d-0ce40e1e7b37,greed.page,available,12.79,12.99,high,low,5,namesilo,,,21/09/2026 08:43
14b9cd45-5484-4d0a-a702-bde3661a49cf,fuscous.page,available,12.98,16.98,medium,low,7,namecheap,,,18/08/2026 19:02
59ba7107-f4ee-4c18-a318-500cd4aa41b9,fatalist.page,available,12.79,12.99,medium,low,8,namesilo,,,17/08/2026 23:29
6630d1bc-8cab-4c69-a0c4-239fb280c860,barrage.page,available,12.79,12.99,medium,low,7,namesilo,,,22/09/2026 07:57
46634b49-5904-474f-83cc-f2c0e2a8fdc2,couples.page,premium,161.25,161.25,medium,low,7,name.com,,,
e88f3e1c-3a16-49ea-b517-7772709ae9b5,timetables.page,available,12.79,12.99,medium,low,10,namesilo,,,20/09/2026 12:23
9cb10f8e-db0a-446a-a601-d4ead883aaba,rheumatoid.page,available,12.79,12.99,medium,low,10,namesilo,,,06/08/2026 23:10
d6fc5865-6717-4243-aa3a-74b7cfcd5303,similarly.page,available,10.2,10.2,medium,low,9,cloudflare,,,28/09/2026 16:09
465ca0de-d005-401e-8a93-9b2c43687c6e,was.page,premium,311.25,,medium,low,3,name.com,,,
4f373998-c1e0-40d3-a267-fe5f1d1f1ecd,cruz.page,premium,165.12,165.12,high,low,4,namesilo,,,25/09/2026 11:52
80336ff3-b276-4519-b8e3-3098bba93f12,competency.page,available,12.98,16.98,high,low,10,namecheap,,,24/09/2026 16:48
a963267e-b80d-46a7-90d7-94b6fea4e380,revenues.page,available,12.79,12.99,medium,low,8,namesilo,,,28/09/2026 04:22
64011566-74fa-4a15-a424-a224318b16b5,nantucket.page,available,10.2,10.2,medium,low,9,cloudflare,,,28/09/2026 19:57
65e33e93-8e20-4e17-aafa-5f94913af738,pairs.page,available,12.98,16.98,medium,low,5,namecheap,,,16/09/2026 14:58
d1954101-687e-4211-898c-94a44df91513,parentage.page,available,12.79,12.99,medium,low,9,namesilo,,,08/09/2026 13:25
4ab56561-aca9-439e-bcd4-0d6eca677488,describing.page,available,12.79,12.99,low,low,10,namesilo,,,29/09/2026 04:44
8a560912-3370-407a-8f3e-6e2d0487803d,mussolini.page,available,12.79,12.99,medium,low,9,namesilo,,,23/09/2026 08:12
1d6d4a02-f41d-4b20-9c06-3707760b4f3d,bolts.page,available,12.79,12.99,medium,low,5,namesilo,,,18/09/2026 04:01
02df7e8d-3006-4942-9e11-6bb0cd626473,atenolol.page,available,12.98,16.98,medium,low,8,namecheap,,,20/09/2026 20:09
8a57e096-0608-461b-9b6a-dafac0354037,bardic.page,available,12.98,16.98,medium,low,6,namecheap,,,08/08/2026 18:00
82a3a047-8311-4e3f-981f-178124f7a7bc,swimmingly.page,available,12.79,12.99,medium,low,10,namesilo,,,16/09/2026 02:58
897fb32b-c4d7-4ebb-b381-e1bd1682f57f,adjuster.page,available,12.98,16.98,high,low,8,namecheap,,,17/09/2026 08:32
fa7b19c1-c547-407f-a6f1-d0a35539e33d,disconnected.page,available,12.98,16.98,medium,low,12,namecheap,,,28/09/2026 21:24
18474c74-a9a7-4f73-9a18-ccc7828a486c,dopey.page,available,12.79,12.99,medium,low,5,namesilo,,,14/08/2026 16:04
40b4c01f-340c-4eaf-afe7-3333eba4e708,dotcom.page,premium,70.21,70.21,high,low,7,namesilo,,,14/08/2026 16:26
af927ab8-0362-4daa-bbde-d86d99de192b,deepening.page,available,12.79,12.99,medium,low,9,namesilo,,,13/08/2026 23:00
2ce6f7f3-ea4e-4af3-abf9-300d4d486d68,criminal.page,premium,167.7,167.7,high,low,8,namecheap,,,23/09/2026 19:22
36478412-e74e-4473-a22e-ee23ab8671c9,adviseable.page,available,12.79,12.99,medium,low,10,namesilo,,,
2ad47b08-1df7-4305-be07-c374cf2151ea,outrage.page,available,12.79,12.99,medium,low,7,namesilo,,,28/09/2026 10:08
7c9e083d-07a3-43f4-8b14-e326ed363121,sweets.page,premium,133.72,133.72,high,low,6,spaceship,,,28/09/2026 05:51
2fd3625a-fd24-41ca-99e0-0d209d8ba697,gum.page,premium,70.21,70.21,high,low,3,namesilo,,,24/09/2026 14:25
cb5cab0a-d761-446c-8ccf-b43e4ad6d74b,roommates.page,available,12.79,12.99,medium,low,9,namesilo,,,21/09/2026 02:59
a884ecff-4a43-49fb-b57f-4acebdca8257,expecting.page,available,12.79,12.99,high,low,9,namesilo,,,
aec12d3b-cc6a-4dfe-a737-83359ba9602c,airedale.page,available,12.79,12.99,medium,low,8,namesilo,,,17/09/2026 23:08
f953a4d5-f047-4f67-a520-f91a152c232c,grown.page,premium,70.21,70.21,high,low,5,namesilo,,,08/09/2026 15:16
71187649-9dce-4b31-978b-a8a4d0de157b,detailing.page,available,12.79,12.99,high,low,9,namesilo,,,
c7d93ca2-6441-4132-9b60-a069242f6000,rodin.page,available,12.79,12.99,high,low,5,namesilo,,,21/09/2026 03:57
7763f01f-5b1d-49b8-a237-3c206148b486,architrave.page,available,12.79,12.99,medium,low,10,namesilo,,,20/09/2026 02:17
f20ee68e-eb26-45cc-a5c3-7a356df3bf72,voguish.page,available,12.79,12.99,medium,low,7,namesilo,,,12/08/2026 04:42
df97f24e-27d6-4dbf-b4bb-fc7ce806a497,lenticular.page,available,12.98,16.98,high,low,10,namecheap,,,09/08/2026 19:26
81f68a20-f657-4ef5-83ed-4b666bdecd08,hunchback.page,available,12.79,12.99,medium,low,9,namesilo,,,13/08/2026 07:49
150c077a-a3fa-444e-ac47-55512d358679,snowballs.page,available,12.98,16.98,medium,low,9,namecheap,,,19/09/2026 21:49
c40a9526-0ca7-42fd-b12c-788e0116f1cb,stronger.page,premium,36.25,,high,low,8,name.com,,,
976618df-52b4-4722-9996-e767e0b717d5,sandaled.page,available,12.98,16.98,high,medium,8,namecheap,,,09/09/2026 21:11
009afa36-382b-45c3-8990-efe1dea73a11,androgenic.page,available,12.79,12.99,medium,low,10,namesilo,,,
189997fe-b290-422e-b15c-46f742e0fe83,concentration.page,available,12.79,12.99,high,low,13,namesilo,,,27/09/2026 21:44
b703af7d-0365-4c34-be94-8628e66fc98b,lunch.page,premium,311.25,,high,low,5,name.com,,,
9785825c-c512-421f-a41e-b2da6d3d2ee7,gel.page,premium,318.72,318.72,high,low,3,namesilo,,,24/09/2026 16:20
621d530b-69df-425b-90dc-52a3484610b0,crib.page,premium,30.22,30.22,high,low,4,spaceship,,,29/09/2026 00:31
b562ff37-ecb1-49c0-bbfa-1af595bdda94,lactic.page,available,12.79,12.99,medium,low,6,namesilo,,,04/09/2026 08:23
016840e5-d395-4109-941a-96987e11b1ee,informing.page,available,12.79,12.99,high,low,9,namesilo,,,
a0a4466f-5baf-4938-b0a0-782744117b5d,emi.page,premium,165.12,165.12,high,low,3,namesilo,,,27/09/2026 10:37
14092d39-f710-4112-a103-9f62f5fcf4d9,plunk.page,available,12.79,12.99,medium,low,5,namesilo,,,15/09/2026 20:41
751bab9b-1804-47f8-8434-d9d49f904a2c,antilog.page,available,12.79,12.99,medium,low,7,namesilo,,,19/09/2026 14:38
72a9766a-55fe-49aa-a628-f92f19b06c4f,abhorrent.page,available,12.79,12.99,medium,low,9,namesilo,,,21/09/2026 13:49
91694714-f3b1-4de9-95d5-f11c379e5d8b,marianne.page,available,14,,medium,low,8,unstoppable,,,29/09/2026 03:47
d7e3585c-d679-428e-a762-99c01b5d624b,whipping.page,available,12.98,16.98,medium,low,8,namecheap,,,22/08/2026 20:12
be267f5f-19a6-4b74-b616-4dfa38d3a724,pray.page,premium,70.21,70.21,high,low,4,namesilo,,,
b4d3d807-cd82-4c82-84c7-4b97b27bf15e,demoted.page,available,12.79,12.99,low,low,7,namesilo,,,21/09/2026 05:02
e0fed388-ea4a-48fc-a551-696b57772f36,cream.page,premium,638.72,638.72,high,low,5,namesilo,,,28/09/2026 04:30
68ea8a55-5784-4cf9-b2f9-0d359c0cacea,former.page,premium,37.7,37.7,high,low,6,namecheap,,,24/09/2026 21:24
f4c8080a-30be-4d4b-8108-37abc0fa013f,crispy.page,premium,34.22,34.22,high,low,6,namesilo,,,13/08/2026 07:23
2ce37cb0-242a-4174-806c-0fb7c5674f85,gives.page,available,12.79,12.99,medium,low,5,namesilo,,,18/09/2026 13:54
47b53004-7647-48fd-a79f-27f8515ccf8d,peopled.page,available,12.79,12.99,high,low,7,namesilo,,,08/09/2026 15:32
bb1cd681-0904-4d4b-9f8c-0fdd94efd9c6,supplier.page,premium,70.21,70.21,high,low,8,namesilo,,,
916ae35b-d5c2-400a-88fd-b2e7d8f33d0c,redstart.page,available,15.99,18.99,high,low,8,name.com,,,18/09/2026 20:37
601a5a38-8fcb-4371-af4b-0a2cda0258eb,projected.page,available,12.79,12.99,high,low,9,namesilo,,,22/08/2026 14:46
43594c9d-781c-4c8b-a3a4-44659278be18,favor.page,premium,70.21,70.21,high,low,5,namesilo,,,27/09/2026 03:53
2cfb94aa-9142-4cd8-aa62-3c9c49aabc46,reputation.page,premium,165.12,165.12,high,low,10,namesilo,,,27/09/2026 15:38
92a5dbc2-bd0d-49e8-a52d-42368e0265d9,alienor.page,available,12.79,12.99,medium,low,7,namesilo,,,18/09/2026 07:41
8baf3f30-654e-4c3a-af5c-7f72a224cb5f,resignation.page,available,15.99,,high,low,11,name.com,,,
ce5fb59e-fd90-4bc8-8ce6-5a744568678d,hampstead.page,available,14,,high,low,9,unstoppable,,,29/09/2026 03:36
41454a10-d0da-4f36-8c07-5f974c7bde7c,hampshire.page,premium,30.22,30.22,high,low,9,spaceship,,,29/09/2026 01:13
588465c8-f7f8-4932-9f76-b7bf99a05a8f,archival.page,available,12.79,12.99,medium,low,8,namesilo,,,06/08/2026 15:53
e9a0aef9-1364-4b03-a75c-459a38d77750,bedbug.page,premium,34.22,34.22,medium,low,6,namesilo,,,22/09/2026 22:45
a805a02b-6817-4848-9e68-3bb6635cdefa,xvii.page,available,12.79,12.99,medium,low,4,namesilo,,,21/09/2026 11:53
3a1ddc3e-9e08-45b5-ba07-1645fa790ec5,octavian.page,available,12.79,12.99,medium,low,8,namesilo,,,21/09/2026 04:03
f0575d48-86f0-4f37-961a-1c1b28444317,cartesian.page,available,12.79,12.99,high,low,9,namesilo,,,11/08/2026 19:49
e23daced-22b5-4ef8-920b-133001c9acea,streaked.page,available,12.79,12.99,medium,low,8,namesilo,,,10/09/2026 22:16
bcea648c-6d1b-419f-a75a-5e3843bfc8d6,newsstand.page,available,12.79,12.99,medium,low,10,namesilo,,,17/09/2026 05:46
32c0adcf-9bfb-4ee5-8f3d-85c7a47977df,marcia.page,available,12.79,12.99,high,low,6,namesilo,,,28/09/2026 03:56
4906fb31-ebbe-4bd0-92c0-a23a82c85b38,hic.page,premium,70.21,70.21,high,low,3,namesilo,,,
3e1c7cec-e394-4e0d-908e-9264f47b049c,akhbari.page,available,12.79,12.99,medium,low,7,namesilo,,,17/09/2026 23:56
ddaeeca5-971e-49bf-83a6-4928867acb8b,generates.page,available,12.79,12.99,medium,low,9,namesilo,,,08/09/2026 05:16
17fec287-4928-4c56-9869-2346a8870dae,speaking.page,premium,165.12,165.12,high,medium,8,namesilo,,,10/09/2026 15:24
90039f87-dde8-4327-a555-b562c00dff00,unjust.page,available,12.79,12.99,medium,low,6,namesilo,,,22/08/2026 03:49
7bedba5d-83f9-4f4b-a332-6a009933ed3d,alimony.page,available,10.55,10.55,medium,low,7,spaceship,,,28/09/2026 20:27
171f6870-88b5-4898-b521-ea2b9141b010,beany.page,available,12.98,16.98,medium,low,5,namecheap,,,22/09/2026 20:33
a9196727-4a22-4fdf-9e09-3f04f23f46bc,wolfbane.page,available,12.79,12.99,medium,low,8,namesilo,,,17/09/2026 02:09
c1f3bdb9-6409-42e9-beca-d5efd189546a,palestine.page,available,,,high,high,9,,,,
bbf8e2e1-5cf7-4dca-bcc8-947eae9d1941,met.page,premium,318.72,318.72,high,low,3,namesilo,,,27/09/2026 17:23
0df29826-0814-4bcb-ac86-3fb1ced3c07d,segregated.page,available,12.79,12.99,medium,low,10,namesilo,,,10/09/2026 01:51
edd541dc-8578-46f8-9ce5-3a7b9c9e7142,bandstand.page,available,12.98,16.98,high,low,9,namecheap,,,22/09/2026 01:32
f45ea863-effe-4aec-bac1-aebc08719763,gustative.page,available,12.98,16.98,medium,low,9,namecheap,,,20/08/2026 21:08
76b661bc-d761-4dda-881f-d2c6dc457878,hazardous.page,available,12.79,12.99,medium,low,9,namesilo,,,21/08/2026 01:42
00110402-08d0-4e8d-a61f-f31c69ab7dcd,prochoice.page,available,12.79,12.99,high,low,10,namesilo,,,27/09/2026 06:48
0a8fd7fc-e503-44d9-a77e-674ade61dd4f,whorehouse.page,available,12.98,16.98,medium,low,10,namecheap,,,21/09/2026 18:13
f8cde029-5bfd-4655-839a-14e7c20b2f3f,finely.page,available,12.79,12.99,high,low,6,namesilo,,,14/09/2026 11:23
4bea9a80-f56d-4805-8079-15013797fd74,comparably.page,available,12.79,12.99,medium,low,10,namesilo,,,14/09/2026 07:37
3bbe409c-350b-4018-9286-62bc84bd75e0,cloaks.page,available,12.79,12.99,medium,low,6,namesilo,,,17/09/2026 14:28
ba884a7d-4abc-4000-9adf-8d2c001124e5,favoritism.page,available,12.79,12.99,medium,low,10,namesilo,,,24/09/2026 22:35
9efb5be5-012a-47cc-a38f-2a1fb62b9ee9,entertain.page,available,12.79,12.99,high,low,9,namesilo,,,28/09/2026 06:53
79be71b5-8ae9-4f29-8a95-8788567bbe34,positive.page,premium,318.72,318.72,high,low,8,namesilo,,,23/09/2026 14:53
ebd1c9d8-be66-46b1-a993-016663040b5f,cant.page,premium,318.72,318.72,medium,low,4,namesilo,,,13/09/2026 04:09
dd0adf0b-6de6-4039-8d96-51eb51bb5567,cloning.page,available,12.98,16.98,high,low,7,namecheap,,,24/09/2026 15:52
6bc30eb9-b391-41a8-af20-8198404bc824,agitation.page,available,12.98,16.98,medium,low,9,namecheap,,,17/09/2026 18:06
5fbb88a0-e99d-47b9-b464-57d3864d365c,outdated.page,available,12.79,12.99,medium,low,8,namesilo,,,26/09/2026 03:15
0d7a7d90-29e4-4a6a-a56f-e2be2dd3e14b,dogfish.page,available,12.98,16.98,high,low,7,namecheap,,,18/09/2026 21:24
a9705fd1-f2c2-4dca-9483-fd2c4921f5f4,dreaded.page,available,12.79,12.99,medium,low,7,namesilo,,,14/08/2026 08:53
0184cde7-e0bd-4b11-bf5e-41df8a9391c0,animality.page,available,12.79,12.99,medium,low,9,namesilo,,,19/09/2026 08:40
496c1870-a2be-4bc3-b5bf-fff9219c21be,healey.page,available,12.79,12.99,medium,low,6,namesilo,,,29/09/2026 04:32
af4eed6f-e4b3-4340-bd3e-a9056d8fb7fd,unsilenced.page,available,12.98,16.98,medium,low,10,namecheap,,,12/09/2026 19:56
0ccb464d-95c3-436c-8cb3-20175d9dd06a,plodder.page,available,12.98,16.98,medium,low,7,namecheap,,,10/09/2026 20:23
c5e7c9da-ed78-4dd3-8a2a-2b9767804aff,guerrilla.page,available,12.79,12.99,high,low,9,namesilo,,,22/08/2026 10:14
1974cb6a-708d-405f-94b1-d6a0862ceece,bleb.page,available,12.79,12.99,medium,low,4,namesilo,,,24/09/2026 05:21
f4c14c4e-442d-47a5-bfb4-ea8fdafe00c4,concern.page,premium,34.22,34.22,high,low,7,namesilo,,,
ef6fe868-a03e-4d31-82ab-6a5097bad459,dlc.page,premium,61.27,61.27,high,low,3,spaceship,,,28/09/2026 12:11
8bf6211e-3924-4cce-ae0c-650d0a163686,wittily.page,available,12.98,16.98,medium,low,7,namecheap,,,16/09/2026 11:35
fa031b85-c406-44b4-957b-3402ec38e0ac,newbury.page,available,10.2,10.2,high,low,7,cloudflare,,,28/09/2026 03:59
611d72c2-aa6a-471d-92f8-61bd45445be9,stating.page,available,12.79,12.99,high,low,7,namesilo,,,
856d504b-3f56-44c5-842e-e1048dbd005a,trujillo.page,available,10.55,10.55,medium,low,8,spaceship,,,28/09/2026 16:38
1b40803e-906d-4829-b482-94a2a31fa6aa,classroom.page,available,,,high,low,9,,,,
612c2551-5997-48a7-b55b-47221f0a0ea1,drug.page,premium,318.72,318.72,high,low,4,namesilo,,,25/09/2026 00:15
d66ad831-2934-4392-90f7-747f2c1b6f9f,aerodrome.page,available,12.79,12.99,high,low,9,namesilo,,,17/09/2026 12:58
37272fbb-07c5-44e3-ae2a-31e22d8ad0ea,abnormalcy.page,available,12.79,12.99,medium,low,10,namesilo,,,16/09/2026 16:19
332bad1b-c821-4b9b-9d93-37d4c7c469d9,rainless.page,available,12.79,12.99,high,medium,8,namesilo,,,09/09/2026 09:46
6ffba6e7-1b09-44e6-b235-6fee8f16fa1a,abridger.page,available,12.98,16.98,medium,low,8,namecheap,,,16/09/2026 14:35
df74f9e4-67b9-4ef9-b44e-168e78bf383e,nguyen.page,premium,70.21,70.21,high,low,6,namesilo,,,28/09/2026 04:48
ff61f582-4739-46e5-b9a9-20e4bf20a8f7,upcoming.page,premium,34.22,34.22,high,low,8,namesilo,,,06/08/2026 08:39
3f295a2d-d7e6-41fc-ab72-989150851f00,narratives.page,available,12.79,12.99,medium,low,10,namesilo,,,20/09/2026 10:13
12c0f62e-13ab-40bb-8588-3d4e0ae9743d,chian.page,available,12.79,12.99,medium,low,5,namesilo,,,12/08/2026 04:34
38b53f73-d7bd-44b5-beb9-d7ef121e9dca,gravy.page,available,12.79,12.99,high,low,5,namesilo,,,24/09/2026 11:11
64208502-6399-41c3-b72f-f6cdbc0c3798,eventide.page,available,12.79,12.99,high,low,8,namesilo,,,17/08/2026 14:48
9c2bc7c0-ecb4-4247-a240-0410dab0a66d,dry.page,premium,167.7,167.7,high,low,3,namecheap,,,24/09/2026 12:15
5ca528cf-8131-4425-8e04-bfc77f665e41,bottomless.page,available,12.98,16.98,high,low,10,namecheap,,,10/08/2026 21:21
e21ce952-77b4-4c88-90f1-bc838db1ac2b,belt.page,premium,70.21,70.21,high,low,4,namesilo,,,28/09/2026 13:21
49137f62-64c8-4d26-9e56-71b6e7f94960,silly.page,premium,70.21,70.21,high,low,5,namesilo,,,21/09/2026 23:43
c38c5d89-ddce-4511-8d54-91b0e4ef99f8,dans.page,premium,318.72,318.72,medium,low,4,namesilo,,,28/09/2026 04:35
e9e124a4-0d0c-4c49-9f23-bf5f27a369c0,authorizer.page,available,12.79,12.99,medium,low,10,namesilo,,,21/09/2026 05:13
2f3d2118-ed2b-46f4-9e3b-f6090f96dbfb,inculpable.page,available,12.79,12.99,medium,low,10,namesilo,,,10/08/2026 12:55
8af12caf-d5ff-4195-a71c-fdbdff9f0e0e,boondocks.page,available,12.79,12.99,medium,low,9,namesilo,,,21/09/2026 14:32
48d4870e-1329-42ed-aac3-19161434a953,meadow.page,premium,34.22,34.22,high,low,6,namesilo,,,29/09/2026 01:16
9428cbc1-dca9-4c16-97fc-92bf7ac2e9ef,endemical.page,available,12.79,12.99,medium,low,9,namesilo,,,17/08/2026 00:53
4efc0556-afe4-4833-873c-2e21b2b7dd1b,functions.page,premium,34.22,34.22,medium,low,9,namesilo,,,17/09/2026 05:18
c5bbeda0-44e5-431d-b2a7-841dabf92d0c,tarry.page,available,12.79,12.99,medium,low,5,namesilo,,,09/09/2026 15:16
a82eb78d-7e2a-4b03-a387-19f03f1775fa,regal.page,premium,70.21,70.21,high,low,5,namesilo,,,19/09/2026 11:09
661b0cfb-497f-42a8-a06c-b72fed450b66,ferret.page,available,12.79,12.99,high,low,6,namesilo,,,23/09/2026 23:49
f0de3c47-3ed7-427b-9343-340945281e1b,rubbish.page,available,12.79,12.99,high,low,7,namesilo,,,28/09/2026 09:24
c4a6dc25-8a30-4f89-9133-3c702ced1536,midnight.page,premium,165.12,165.12,high,medium,8,namesilo,,,25/09/2026 09:24
26b0cc1f-a023-481b-a111-09358d6f64fd,shove.page,available,12.79,12.99,high,low,5,namesilo,,,
cce93201-61ca-4fb1-bbc5-e374fb64e83a,erse.page,available,12.98,16.98,medium,low,4,namecheap,,,18/08/2026 19:28
4c261370-d918-4e61-be59-fe70f46e8e0b,windmills.page,available,12.79,12.99,medium,low,9,namesilo,,,20/09/2026 13:55
f9628329-230a-4514-9042-789edb367acf,plutonian.page,available,12.98,16.98,medium,low,9,namecheap,,,20/08/2026 21:34
f31036af-3ebd-4f67-992d-5cd992c4fb96,concerning.page,available,12.79,12.99,high,low,10,namesilo,,,28/09/2026 03:24
be9200f5-cb8c-40f2-87cd-d1e95f7d502f,snake.page,premium,161.25,,high,low,5,name.com,,,
427ed641-6088-485f-bf7f-ae9dbcf68e8f,numbers.page,premium,318.72,318.72,high,low,7,namesilo,,,29/09/2026 03:35
832c20fd-ef24-4ddd-a52e-d3eb460c61c5,asphodel.page,available,12.79,12.99,medium,low,8,namesilo,,,20/09/2026 15:08
b416db51-7fbe-45e9-81be-e9ec1688c693,leia.page,premium,34.22,34.22,high,low,4,namesilo,,,
df73f8c5-8165-41a3-bab5-ad828fe3a79c,scrub.page,premium,30.22,30.22,high,low,5,spaceship,,,27/09/2026 18:50
37a05c11-97cb-45e1-a0ed-9360d3fe7262,theorize.page,available,12.98,16.98,high,low,8,namecheap,,,24/09/2026 17:19
2c9bb9c7-f872-408d-9f06-c53405f26f38,deceased.page,available,12.79,12.99,medium,low,8,namesilo,,,22/09/2026 10:44
682be45e-60ba-49e0-aa52-d7ac53f1d86b,dell.page,available,12.79,12.99,high,medium,4,namesilo,,,24/09/2026 21:44
9e07392c-8880-4408-8b0b-b745a94610f9,uneven.page,available,12.79,12.99,high,low,6,namesilo,,,04/09/2026 00:48
e3af1fa9-d6ce-44e1-8924-0cb26d72fc6f,stimulate.page,available,12.79,12.99,high,low,9,namesilo,,,29/09/2026 02:44
d9432907-3638-4dc6-9bb4-e7d0ff3c53b8,libber.page,available,12.79,12.99,medium,low,6,namesilo,,,18/08/2026 01:03
1bb89345-04d1-43e0-b704-dce86e077c07,toying.page,available,12.79,12.99,high,low,6,namesilo,,,
38cd044f-f388-42a7-9cd0-ff3e0e3c749d,quechua.page,available,12.79,12.99,high,low,7,namesilo,,,22/08/2026 15:21
b3bcc0f1-b620-4bd6-a1a9-05e44347d130,baronet.page,available,12.79,12.99,high,low,7,namesilo,,,22/09/2026 07:28
50a5adcb-ee7c-4018-8c4f-128c3cc320d8,examination.page,premium,61.27,61.27,high,low,11,spaceship,,,27/09/2026 21:26
b635ec26-592c-4d47-a515-8723f5cc9157,headquarters.page,premium,34.22,34.22,high,low,12,namesilo,,,27/09/2026 02:02
9719e63b-8b48-4ca4-af9f-243e5b8e2942,frogs.page,available,10.2,10.2,medium,low,5,cloudflare,,,28/09/2026 18:14
b986f75d-88de-49da-a1dc-ad3f2f1282a4,beerbohm.page,available,12.79,12.99,medium,low,8,namesilo,,,23/09/2026 01:47
c88cb586-d93b-4c55-970a-188ead4b708c,dyke.page,available,12.79,12.99,medium,low,4,namesilo,,,11/08/2026 11:35
3717761e-8315-4f98-9f1e-0793129d3e48,snuggled.page,available,12.79,12.99,medium,low,8,namesilo,,,03/09/2026 15:48
12adca7a-3483-42c1-a667-1160cc1f178b,precative.page,available,12.79,12.99,high,medium,9,namesilo,,,09/09/2026 01:12
164a48d1-5aa1-4fc2-b8c9-302130a57a3b,biweekly.page,available,12.79,12.99,high,low,8,namesilo,,,10/08/2026 09:30
86018a1b-f4e1-4ebf-b33f-12cc1cfe9cb3,westport.page,available,12.79,12.99,high,low,8,namesilo,,,28/09/2026 08:11
03fdf337-84af-4b5c-b4fb-f2ccf8e86075,shouldered.page,available,12.79,12.99,high,medium,10,namesilo,,,10/09/2026 06:51
6461262e-df30-4114-aff0-800be7565420,venter.page,available,12.79,12.99,medium,low,6,namesilo,,,16/09/2026 14:46
1144e44c-4dae-4c7f-a43f-772c9ab159b5,leaving.page,available,12.79,12.99,high,low,7,namesilo,,,24/09/2026 22:37
01b80355-65b3-4a20-86ad-22b8f5744400,bethlehem.page,available,12.98,16.98,high,low,9,namecheap,,,22/09/2026 18:15
81a79623-5662-4fb4-b832-7fffc4b32852,der.page,premium,272.35,272.35,medium,low,3,porkbun,,,28/09/2026 20:56
9afc2e04-7482-4f97-a3c6-9c0611902eac,erbium.page,available,12.79,12.99,medium,low,6,namesilo,,,20/09/2026 23:37
e3052f54-c3eb-495a-ab1e-9ab533981038,laundry.page,premium,70.21,70.21,high,low,7,namesilo,,,
07e30db6-0f7d-4820-868a-c183110e95fb,ascendance.page,available,15.99,18.99,high,low,10,name.com,,,20/09/2026 13:03
b065d337-8b63-4466-99b7-d55723459e13,standing.page,premium,34.22,34.22,high,low,8,namesilo,,,28/09/2026 00:41
437d2ef8-5f97-4a56-a319-8b107c9da9f8,aubergine.page,available,12.79,12.99,high,low,9,namesilo,,,21/09/2026 02:33
ab2dcd7f-8ca9-4014-b5cc-59de7f3deb48,shoeless.page,available,12.98,16.98,medium,low,8,namecheap,,,08/08/2026 19:04
2071fd34-97a4-488a-83b5-eaa55aa48da2,vendue.page,available,12.79,12.99,medium,low,6,namesilo,,,21/09/2026 02:46
a44b9390-25f7-4381-a278-e8f60fa8e67e,instore.page,premium,70.21,70.21,high,low,8,namesilo,,,
64216b45-9e0a-46d9-ac91-ff08573ac4cf,amazing.page,premium,638.72,638.72,high,low,7,namesilo,,,22/09/2026 03:51
690f368b-9524-4a50-84fb-e2b947f56769,guile.page,available,12.79,12.99,medium,low,5,namesilo,,,13/08/2026 10:41
a98e681f-bbfa-4f38-b957-2f26881a2b35,disabled.page,premium,34.22,34.22,high,low,8,namesilo,,,24/09/2026 10:55
f3801289-2f6c-4d2e-94d1-05ac7f1a606e,pitcher.page,available,12.79,12.99,medium,low,7,namesilo,,,28/09/2026 09:43
324277fc-5223-4ee3-82c0-b4ae633da2e3,recounting.page,available,12.79,12.99,medium,low,10,namesilo,,,11/09/2026 10:26
3d76adb3-a287-4fe3-8165-c95a384c734c,venal.page,available,12.79,12.99,medium,low,5,namesilo,,,11/08/2026 03:46
6391be6d-a9ed-44e4-903e-a5351f0f2e44,tike.page,available,12.79,12.99,medium,low,4,namesilo,,,25/08/2026 00:12
6049e40a-834c-4147-b429-9fcb5d703c06,antonymous.page,available,12.79,12.99,medium,low,10,namesilo,,,05/08/2026 20:16
c003550d-0ac7-4339-ab7e-9015159e7bee,connell.page,available,10.81,10.81,medium,low,7,porkbun,,,28/09/2026 22:06
1ed118b0-82f1-48e2-a831-6748f898489a,apposite.page,available,12.79,12.99,medium,low,8,namesilo,,,06/08/2026 07:53
ebb02f7b-b523-4c3f-b148-f15fa0b091c1,wait.page,premium,165.12,165.12,high,low,4,namesilo,,,13/09/2026 07:44
213dac27-68b7-40d7-80b3-2832c56a108c,warring.page,available,12.79,12.99,medium,low,7,namesilo,,,13/09/2026 08:11
b37a29cc-19d3-402a-bb9e-a7a31a38f377,genteel.page,available,12.79,12.99,medium,low,7,namesilo,,,13/08/2026 10:19
48d61e11-347f-463d-a4e6-34ea1cd838f2,purse.page,premium,70.21,70.21,high,low,5,namesilo,,,25/09/2026 23:04
3b55f250-490a-4631-971e-c7463e25af52,allogeneic.page,available,12.79,12.99,medium,low,10,namesilo,,,
9e1cdcb5-b604-46a8-aaeb-0637922becda,napoleon.page,premium,30.22,30.22,medium,low,8,spaceship,,,28/09/2026 13:35
35c0fbd9-a054-4ef6-86b0-52ec495d87a8,anagnost.page,available,12.98,16.98,medium,low,8,namecheap,,,19/09/2026 01:26
7d782111-24cc-427a-9ec1-0c73e0acf34c,shriek.page,available,12.79,12.99,medium,low,6,namesilo,,,09/09/2026 23:53
e5105d6c-8270-4a1e-bc0a-2be4b85b3bb3,annapolis.page,available,12.79,12.99,medium,low,9,namesilo,,,19/09/2026 10:10
994d9c23-722d-416e-b98c-ed0132bbfe8b,abkhaz.page,available,12.79,12.99,medium,low,6,namesilo,,,
a0bf218a-a5cb-4965-b25a-3e822ef875fe,cochran.page,available,10.55,10.55,medium,low,7,spaceship,,,27/09/2026 12:38
fe055c09-de82-4c08-b022-20242e330121,satyrical.page,available,12.79,12.99,medium,low,9,namesilo,,,09/09/2026 21:57
93cb9d67-9b38-46df-bb4b-b6b12321110e,journeyman.page,available,14,,high,low,10,unstoppable,,,28/09/2026 22:18
055aeff5-1aa5-4f8c-a3ce-42280ff35c14,jolson.page,available,12.79,12.99,medium,low,6,namesilo,,,18/09/2026 01:21
87e3ab2d-5d01-4ca3-8a92-83425c53daf1,squalls.page,available,12.98,16.98,low,low,7,namecheap,,,20/09/2026 14:16
791a26dc-5d52-4a0d-ad36-1e6db92eb37f,takeaways.page,available,12.79,12.99,medium,low,9,namesilo,,,18/09/2026 05:02
ed41ffbb-ba6c-40bd-9495-9fe080fcf972,avocado.page,premium,70.21,70.21,high,low,7,namesilo,,,22/09/2026 14:34
7484e9dc-3804-4057-a23e-3a68b29ea764,concerns.page,available,12.79,12.99,medium,low,8,namesilo,,,27/09/2026 11:01
ab9e3691-fc69-41a6-948b-1094389156f9,baffled.page,available,12.79,12.99,medium,low,7,namesilo,,,07/08/2026 11:36
f92a9d8b-70c9-4899-a405-b2667a3d427f,referenced.page,available,12.79,12.99,high,medium,10,namesilo,,,09/09/2026 12:34
098f191d-7412-43f5-ad14-b70854b3d15c,testate.page,available,12.79,12.99,medium,low,7,namesilo,,,11/09/2026 12:00
ccbd8a9b-5bdd-492d-b276-9ddef1c45c63,abandon.page,available,12.79,12.99,high,low,7,namesilo,,,14/08/2026 03:52
7917f0ac-17f7-49fb-badb-f7491aeed353,inpatient.page,available,12.79,12.99,medium,low,10,namesilo,,,20/09/2026 21:46
e3b4ead0-2059-4ae1-8594-6afb4dc7c88e,upscale.page,available,12.79,12.99,high,low,7,namesilo,,,12/09/2026 23:19
80cd3693-6ed9-4867-8d69-8317a168e527,pretend.page,available,12.79,12.99,high,low,7,namesilo,,,25/09/2026 16:18
9898cb78-56af-43a9-a3f9-e8b0d3b0b296,blurred.page,available,12.79,12.99,medium,low,7,namesilo,,,22/09/2026 23:21
f8c19c4c-5d1b-47dd-ad70-4ecd0f7e0376,sown.page,available,12.79,12.99,high,medium,4,namesilo,,,10/09/2026 15:01
8b53cf34-ba5a-439d-a336-a0ba11602048,perplexing.page,available,12.98,16.98,medium,low,10,namecheap,,,08/09/2026 17:58
a492c717-adfd-4d9a-b188-d508e5a8e972,washy.page,available,12.79,12.99,medium,low,5,namesilo,,,10/08/2026 13:56
563f5a71-3ca8-4c7d-91aa-5a511eaa7c7f,akha.page,available,12.79,12.99,medium,low,4,namesilo,,,17/09/2026 23:55
fe0ffc81-0bd1-471c-870a-7057289c47dd,glace.page,available,12.79,12.99,medium,low,5,namesilo,,,13/08/2026 09:46
4cebef0a-e680-471b-905a-886edca813a0,soto.page,premium,34.22,34.22,high,low,4,namesilo,,,27/09/2026 07:28
5e46b52c-513f-4caa-b3f0-33f36c616cbc,chicks.page,premium,34.22,34.22,medium,low,6,namesilo,,,20/09/2026 03:49
3f012f97-b7f8-4114-a638-cbf192f8f1f2,impersonal.page,available,12.79,12.99,medium,low,10,namesilo,,,21/08/2026 22:13
ffd1983a-4d6b-4062-94ef-d80256bcc67f,diligently.page,available,12.79,12.99,medium,low,10,namesilo,,,14/09/2026 12:40
b1719d64-0629-4f20-84d2-a209ee4d1006,indication.page,available,12.98,16.98,high,low,10,namecheap,,,24/09/2026 21:52
3552a149-2382-492a-8efb-fe46f79514ac,jones.page,premium,638.72,638.72,high,low,5,namesilo,,,25/09/2026 00:23
5b6d618b-d876-4373-add4-7fbe0067181a,officers.page,available,12.79,12.99,medium,low,8,namesilo,,,
317bced2-4e8f-476c-80de-446683206bd0,resettled.page,available,12.79,12.99,high,low,9,namesilo,,,09/09/2026 13:41
1898dcbd-4f0f-41db-99ec-b17853a939bf,corridor.page,available,12.79,12.99,high,low,8,namesilo,,,
b13bcf39-4540-4616-8bed-bd9007784b6c,breakfast.page,premium,165.12,165.12,high,low,9,namesilo,,,04/09/2026 13:27
e014d170-f02c-4174-a520-ddde48c40021,heterodyne.page,available,12.79,12.99,medium,low,10,namesilo,,,21/08/2026 07:29
dc1bcdae-5e71-469f-a7e9-3a7b76dbc4c1,beatific.page,available,12.79,12.99,high,low,8,namesilo,,,
e7f0ef9c-779b-4c07-903c-02538078cfca,spin.page,premium,311.25,,high,low,4,name.com,,,
d2bf7626-b784-4c11-aa56-d1434202d066,cyclical.page,available,15.99,18.99,high,low,8,name.com,,,13/08/2026 13:34
4abfc14e-8c4f-4fd9-8266-4fadd5082c8c,witt.page,premium,34.22,34.22,high,low,4,namesilo,,,28/09/2026 04:15
0380d5e8-8f06-457e-9b83-3c850f806ea3,uncarved.page,available,12.79,12.99,medium,low,8,namesilo,,,12/09/2026 04:48
3ade713e-4339-404a-bcb2-3ae851415225,offence.page,available,12.79,12.99,medium,low,7,namesilo,,,04/09/2026 01:34
b591f07a-f800-4fa2-9b2c-8feed1390431,venerable.page,available,10.55,10.55,high,low,9,spaceship,,,27/09/2026 14:05
38bc5c05-b819-4404-8bed-c333ece2ae5b,punctually.page,available,12.79,12.99,medium,low,10,namesilo,,,14/09/2026 14:45
03b13c5c-a18a-4b42-a031-153d99b60397,hassium.page,available,12.79,12.99,medium,low,7,namesilo,,,20/09/2026 22:10
e0369d8d-2d86-4347-b62a-5f51b442b914,servile.page,available,12.79,12.99,medium,low,7,namesilo,,,10/09/2026 04:55
e241f012-3c36-4b71-a0bb-236ea34e1018,very.page,premium,638.72,638.72,high,low,4,namesilo,,,27/09/2026 09:52
19fd087c-ec3d-4f5e-aca8-e5a0b975f2b0,horror.page,premium,257.92,257.92,high,low,6,spaceship,,,27/09/2026 14:08
865b9ee9-9d6b-43cd-ab59-0b8745b93f34,finding.page,premium,161.25,161.25,high,low,7,name.com,,,19/09/2026 14:57
d66c7b41-6f3a-4247-b9aa-cc01ef8a3767,ebullient.page,available,12.79,12.99,medium,low,9,namesilo,,,14/08/2026 23:20
5ddbb0bf-f077-44ca-b1b6-e8385950541a,friends.page,premium,623.75,,high,medium,7,name.com,,,
5d1fd12c-b43e-48fb-bbde-bb435dc735cb,cloggy.page,available,12.79,12.99,medium,low,6,namesilo,,,12/08/2026 11:46
40a2054f-2198-4727-9dff-4c6301eb38bf,unshaken.page,available,12.79,12.99,high,low,8,namesilo,,,12/09/2026 07:04
ada7dbe6-76d7-456b-b538-06bc2fe02465,bilgy.page,available,12.98,16.98,medium,low,5,namecheap,,,09/08/2026 21:16
b36f0692-3617-4861-8041-fbd3a53bc15b,nfl.page,premium,70.21,70.21,high,low,3,namesilo,,,26/09/2026 03:28
83916e1c-1cbf-4ef6-99fc-34a77a52cb53,quenched.page,available,12.79,12.99,medium,low,8,namesilo,,,09/09/2026 08:25
18ff402e-4c58-44ba-87df-9c5942083e0c,standon.page,available,12.79,12.99,medium,low,8,namesilo,,,
1726f920-1cd1-4600-90a7-6d2101becfb2,viscid.page,available,12.79,12.99,medium,low,6,namesilo,,,20/08/2026 15:23
7b452eb7-2414-4f39-b2ae-7c223a012679,devoured.page,available,12.79,12.99,low,low,8,namesilo,,,19/09/2026 23:51
9c6d5f73-2835-4cdd-b867-ccff459949f6,apadana.page,available,12.79,12.99,medium,low,7,namesilo,,,19/09/2026 16:10
9b0f599a-3ded-40b5-8af6-2745326b605d,technologies.page,premium,70.21,70.21,high,low,12,namesilo,,,28/09/2026 03:08
0b091830-eca3-46b0-8c9d-096b7eb66503,anole.page,available,12.98,16.98,medium,low,5,namecheap,,,18/09/2026 19:28
c957cad7-31c0-48b6-9869-fd0310f95bad,punctured.page,available,12.79,12.99,medium,low,9,namesilo,,,08/09/2026 16:56
30107736-82a6-45bf-8ee4-8b181fe7ccdc,negligent.page,available,12.79,12.99,medium,low,9,namesilo,,,03/09/2026 15:07
0a51a115-d26c-4682-aaf7-e4ef5e6915ae,mysterious.page,available,12.79,12.99,high,low,10,namesilo,,,24/09/2026 03:42
d20b00d7-b322-447e-a00e-ea6e8369aa08,tectonics.page,available,12.98,16.98,medium,low,9,namecheap,,,20/09/2026 02:14
fcd9b8c7-597b-4e43-8de5-079ff89801f1,soonest.page,available,12.79,12.99,medium,low,7,namesilo,,,14/08/2026 22:25
43e9abd6-fe9b-477b-9148-84eaa9c489fd,lou.page,premium,70.21,70.21,high,low,3,namesilo,,,25/09/2026 14:56
3c6a78a0-c18a-45ed-88db-54b584f18e3d,neurologic.page,available,12.79,12.99,medium,low,10,namesilo,,,03/09/2026 16:16
c5818973-d8e4-4562-b399-26730c20265f,contemplation.page,available,12.98,16.98,medium,low,13,namecheap,,,16/09/2026 21:40
6676bb8c-52e7-438a-9fa7-400f330a7aa8,lapp.page,available,12.98,16.98,medium,low,4,namecheap,,,19/09/2026 15:44
c9c27139-5604-4a45-a855-82b2e6beeab0,transactions.page,premium,34.22,34.22,high,low,12,namesilo,,,29/09/2026 02:35
0ba6cd7b-504c-4269-a9e8-3fb97430909e,agene.page,available,12.79,12.99,medium,low,5,namesilo,,,17/09/2026 17:07
731b6de8-0b9c-470b-816f-2a7ddb1fae12,diligence.page,available,12.79,12.99,high,low,9,namesilo,,,
c50f386a-56f8-460e-9db6-c3ccaec4fe57,eye.page,premium,638.72,638.72,high,low,3,namesilo,,,23/09/2026 13:32
d5d18613-d458-42fe-93bd-8f29c0313eaa,scandalous.page,available,12.79,12.99,medium,low,10,namesilo,,,14/08/2026 10:26
e6c55a25-cce9-4e13-a253-16bcbc5c339e,abstractor.page,available,12.98,16.98,medium,low,10,namecheap,,,16/09/2026 18:29
1095cbe0-7231-4902-9351-d1a16a5c2d7f,supplied.page,available,12.79,12.99,medium,low,8,namesilo,,,
8f2da55f-f1c0-42a5-b9d4-1c61c3139dae,information.page,premium,499.2,638.72,high,low,11,unstoppable,,,28/09/2026 19:48
4c6fc919-7a39-4e9c-9c48-30868f7936fa,brandenburg.page,available,10.2,10.2,high,low,11,cloudflare,,,27/09/2026 16:50
fda36032-2bba-4d91-a200-cd66037601f4,hecht.page,available,12.79,12.99,high,low,5,namesilo,,,23/09/2026 07:20
99b9f14c-bf10-453e-8531-0a0634ab2982,ballade.page,available,12.79,12.99,medium,low,7,namesilo,,,21/09/2026 22:41
dc893def-172c-4af4-a85f-dadaea9a79d4,diddle.page,available,12.79,12.99,medium,low,6,namesilo,,,14/09/2026 07:58
66dc8e1b-5a6d-4cff-8878-40e997f2aabe,ernst.page,premium,70.21,70.21,high,low,5,namesilo,,,25/09/2026 05:39
e63e29d7-e703-46cf-bff6-82794228724f,surgically.page,available,12.79,12.99,medium,low,10,namesilo,,,16/09/2026 07:41
44425ab3-c981-447b-b2ed-f950ab2800b9,ray.page,premium,323.7,323.7,high,low,3,namecheap,,,22/09/2026 19:55
6b51e3fc-67b0-46af-9de1-2138ee391d2e,comose.page,available,12.98,16.98,low,low,6,namecheap,,,12/08/2026 18:22
34d4c3eb-3fac-4221-a56c-a4250f83cb21,grayer.page,available,12.79,12.99,medium,low,6,namesilo,,,21/09/2026 02:20
b9650a5f-d958-4711-9dd5-eaf4f56daa57,andreas.page,premium,70.21,70.21,high,low,7,namesilo,,,25/09/2026 13:21
3aadb835-6de8-4103-bd15-49d7230a70da,reassuring.page,available,12.79,12.99,high,low,10,namesilo,,,09/09/2026 11:14
d23451ab-2600-4a50-9ccb-68497fc05a42,postmodern.page,available,12.79,12.99,high,low,10,namesilo,,,09/09/2026 00:29
b79f9314-7ab0-4e59-af20-55b1f2b3caac,retail.page,premium,323.7,323.7,high,low,6,namecheap,,,28/09/2026 06:47
f97319c3-4635-42cc-8c3c-af9870feaa3a,preferent.page,available,12.98,16.98,medium,low,9,namecheap,,,09/08/2026 17:55
2d46848c-91c1-4cfe-b196-aa208988b0fa,governance.page,premium,36.25,36.25,high,low,10,name.com,,,20/08/2026 17:22
ad78339c-549c-4cfc-94b4-52331d53b785,planned.page,available,12.79,12.99,high,low,7,namesilo,,,21/09/2026 22:06
ede5ace1-4f65-4f17-8d2b-737a6d0c73bb,cityfied.page,available,12.79,12.99,medium,low,8,namesilo,,,12/08/2026 08:49
1ed01940-c4cc-4e24-aafb-5ece417cc49f,saucepan.page,available,12.79,12.99,high,low,8,namesilo,,,
d57335e2-5d78-4ddf-b0a1-cde33ca66b7c,spooky.page,premium,34.22,34.22,high,low,6,namesilo,,,10/09/2026 09:49
19c5f72d-4fc5-4f02-ba8e-c10c9c9e7e8f,treason.page,available,12.79,12.99,medium,low,7,namesilo,,,23/09/2026 11:25
430bbfe7-84c3-44b9-a525-34742379c09f,weapon.page,premium,70.21,70.21,high,low,6,namesilo,,,25/09/2026 10:57
6243c39f-150b-4255-985a-6fbf05595a89,regally.page,available,12.79,12.99,medium,low,7,namesilo,,,15/09/2026 22:55
2ab929b5-9aa6-4e4e-aee8-4bbd406d0493,amaranth.page,available,12.79,12.99,high,low,8,namesilo,,,18/09/2026 15:50
1e8fce5d-42f0-4871-acbe-9f3f8a83f385,epidemic.page,available,12.79,12.99,high,low,8,namesilo,,,24/09/2026 14:35
efb75689-aaa7-4105-a333-b29698d8c4eb,wells.page,premium,318.72,318.72,high,low,5,namesilo,,,27/09/2026 04:19
dd63a34f-163c-4a5c-b8f1-a1ba12b2528d,nineties.page,available,12.79,12.99,medium,low,8,namesilo,,,16/09/2026 12:01
8920eb2f-9779-4cec-a7a8-d0979eca73a0,sidereal.page,available,12.79,12.99,high,medium,8,namesilo,,,10/09/2026 07:46
b1292447-76db-4c0d-b7e3-abecd9876c55,hitchcock.page,available,12.98,16.98,high,low,9,namecheap,,,18/09/2026 06:32
d8a5eaf2-58f9-43ce-9d0c-88055e80832f,acrosome.page,available,12.79,12.99,medium,low,8,namesilo,,,17/09/2026 03:58
73e4fc74-8783-45d9-9d44-4619e6d75171,arc.page,premium,623.75,623.75,high,medium,3,name.com,,,06/08/2026 15:03
111af595-59bf-44cc-809a-59874b0c4193,ordain.page,available,12.79,12.99,high,low,6,namesilo,,,12/08/2026 22:27
0abf79d5-ebcb-4600-91c5-3916021ac362,wacky.page,available,12.79,12.99,high,low,5,namesilo,,,22/09/2026 08:23
542ee944-2aa7-46d3-9e36-2bd48c8ceb99,precious.page,premium,34.22,34.22,high,low,8,namesilo,,,12/08/2026 04:19
9e165529-8f43-4c5c-ae12-d0a262f2cef9,dior.page,available,12.79,12.99,high,medium,4,namesilo,,,24/09/2026 14:51
ae8f2ca5-7204-42f3-b83b-67db5ec4b8c7,dandified.page,available,15.99,18.99,medium,low,9,name.com,,,13/08/2026 17:01
76aeeb37-5e24-470e-9ad4-05af98aefe11,underside.page,available,12.98,16.98,high,low,9,namecheap,,,10/08/2026 21:15
5491cd0d-57eb-4fd2-bbc5-ae2f3eff10e6,satire.page,available,12.79,12.99,high,low,6,namesilo,,,24/09/2026 13:17
0df6362f-bc3f-45eb-af33-03399b06548d,bioethics.page,available,12.98,16.98,high,low,9,namecheap,,,23/09/2026 17:56
caf474d6-f509-401d-b2b1-97edfea1a784,attracted.page,available,15.99,18.99,medium,low,9,name.com,,,26/09/2026 03:10
37cd2337-1a83-4000-a18d-4bd9d9569c3b,readiness.page,available,14,,high,low,9,unstoppable,,,29/09/2026 01:53
7d21ea2d-5300-4c99-a771-8ce5179b2cca,mar.page,premium,638.72,638.72,high,low,3,namesilo,,,24/09/2026 05:35
ad4b0c59-8bd3-498c-9c6a-e36e99fde4e1,zeal.page,premium,37.7,37.7,high,low,4,namecheap,,,20/09/2026 03:17
9e879acc-9581-4c08-b707-337e0daefb28,apodemus.page,available,12.98,16.98,medium,low,8,namecheap,,,19/09/2026 18:19
5d41d67c-7c83-44c9-b1e3-9009b322e37b,screwdrivers.page,available,12.79,12.99,medium,low,12,namesilo,,,20/09/2026 04:52
33394c8b-db45-46d6-9e50-5a7b47c2f1ea,receptions.page,available,12.79,12.99,medium,low,10,namesilo,,,20/09/2026 06:10
ae38da0d-52e7-436a-a4a0-85df979bd9ac,squawky.page,available,12.79,12.99,low,low,7,namesilo,,,11/08/2026 12:26
ba4a0544-8614-46b4-b7b9-59a75a66a7ee,assorted.page,available,12.79,12.99,medium,low,8,namesilo,,,07/08/2026 07:25
788cbd09-a5ea-49ad-93fc-9053c29ca816,adelaide.page,premium,76.7,76.7,high,low,8,namecheap,,,17/09/2026 07:13
cae3af98-b2ae-4462-9735-28d9e77d2286,pissed.page,available,12.79,12.99,medium,low,6,namesilo,,,
cecad747-5659-417f-9a07-04842ccd201e,ira.page,premium,165.12,165.12,high,low,3,namesilo,,,28/09/2026 14:31
31408959-60d4-4ab0-bd10-c4e1b06f46ad,appease.page,available,12.79,12.99,high,low,7,namesilo,,,18/08/2026 22:08
ccbbfd4a-7387-4d51-a68a-44b2e0125beb,athletes.page,premium,30.22,30.22,medium,low,8,spaceship,,,29/09/2026 00:04
cb20a3c6-a1af-49cd-857c-01ff85fa189d,matchless.page,available,12.79,12.99,high,low,9,namesilo,,,24/08/2026 17:00
0ef1ff8a-3439-415e-a43c-4289bd90528b,kyushu.page,available,14,,medium,low,6,unstoppable,,,29/09/2026 01:31
dbb10c34-d38e-4cea-9278-e3aeb4722cd7,participation.page,available,10.55,10.55,high,low,13,spaceship,,,28/09/2026 22:50
9664cec7-8a24-4e83-85f8-f221b372a3bc,wakeless.page,available,12.79,12.99,low,low,8,namesilo,,,13/09/2026 07:45
52b2e72c-b7a1-4745-9b4e-5f3fc9e63d96,arrayed.page,available,12.79,12.99,medium,low,7,namesilo,,,06/08/2026 21:37
ec873d4a-1cfa-476d-83de-80d05cf0d37c,basenji.page,available,12.98,16.98,medium,low,7,namecheap,,,22/09/2026 10:26
6e75856d-91e1-4d70-a70a-fc3286a5ed57,roberta.page,available,12.79,12.99,high,low,7,namesilo,,,28/09/2026 03:52
6c2cf73e-443b-46ad-b54d-2afa18dfda92,marlene.page,available,12.98,16.98,medium,low,7,namecheap,,,28/09/2026 22:01
427f9ce2-b172-4051-960e-1e11aa05977d,atomistic.page,available,12.79,12.99,low,low,9,namesilo,,,07/08/2026 13:42
8818b71c-e394-4737-ade4-d749344c8854,inches.page,available,12.79,12.99,low,low,6,namesilo,,,25/09/2026 20:47
942206ad-6823-4dfb-94e5-66aa1a5e12f3,sunless.page,available,12.79,12.99,medium,low,7,namesilo,,,12/08/2026 12:31
4e9413b1-3080-4371-9432-545701ce733f,axone.page,available,12.79,12.99,high,low,5,namesilo,,,21/09/2026 10:31
831e6fa7-51d6-4a7a-b2f1-ff25085b2cde,neoliberal.page,available,12.79,12.99,high,low,10,namesilo,,,03/09/2026 15:23
9c5ce2ed-7030-45d6-8c60-fd4bdb0adb2d,patronize.page,available,12.79,12.99,high,low,9,namesilo,,,18/08/2026 15:08
4968b403-6817-487c-8434-f444289d7fd3,aerial.page,premium,70.21,70.21,high,low,6,namesilo,,,
566e0db8-a6c1-416f-988c-f6faf95ff90f,coaching.page,premium,648.7,648.7,high,low,8,namecheap,,,28/09/2026 10:49
7b8627ef-1384-482d-b02a-e8a53ba1d6c5,cables.page,premium,165.12,165.12,medium,low,6,namesilo,,,17/09/2026 12:09
9ecff864-8b26-4a87-ac60-fbaadf5210f6,plaza.page,premium,257.92,257.92,high,low,5,spaceship,,,28/09/2026 06:36
ce3cb48b-1429-4d30-8715-0364843be2a6,sioux.page,available,12.79,12.99,high,low,5,namesilo,,,10/09/2026 08:46
ac9413e8-89e1-4629-ac95-9a75549ac192,salaried.page,available,12.98,16.98,high,low,8,namecheap,,,12/08/2026 19:23
c19ef8b6-3609-4965-8d32-bd5650079e21,algolagnia.page,available,12.79,12.99,medium,low,10,namesilo,,,18/09/2026 07:07
385a8aa9-ac8e-472c-9201-0b689312d6f5,comic.page,premium,638.72,638.72,high,low,5,namesilo,,,23/09/2026 15:15
fcb63661-a47c-4152-8263-becc7fe5e6f2,liver.page,premium,70.21,70.21,high,low,5,namesilo,,,24/08/2026 08:02
4a399e50-41cf-4e0d-93b2-23ebce536bb7,pliny.page,available,12.79,12.99,medium,low,5,namesilo,,,28/09/2026 01:57
5045ea40-0d9e-4e79-a54f-51560c977161,premise.page,available,12.79,12.99,high,low,7,namesilo,,,20/09/2026 16:37
4b9e94c6-f070-4c98-b841-dd52038bfcbc,broiled.page,available,12.79,12.99,medium,low,7,namesilo,,,11/08/2026 05:19
05dc0f0a-d5ff-4962-a747-13a90781d161,customize.page,premium,34.22,34.22,high,low,9,namesilo,,,
12e3ba97-eb1d-422c-894d-732879fbb6fd,paraguayan.page,available,12.79,12.99,medium,low,10,namesilo,,,08/09/2026 00:55
928e482b-e864-40ab-92aa-f402be2c96da,usgs.page,available,12.79,12.99,medium,low,4,namesilo,,,28/09/2026 03:54
6dcb29f9-9d02-4b35-a2ce-cc6355dba89d,carbonated.page,available,12.79,12.99,medium,low,10,namesilo,,,11/08/2026 18:39
036d8a1d-22da-431b-a22d-c060ab1a9708,suave.page,premium,36.25,36.25,high,low,5,name.com,,,13/08/2026 20:48
abf2017d-598a-4ba2-b36c-31ad437e414a,forthright.page,available,12.79,12.99,high,low,10,namesilo,,,11/08/2026 16:42
6f9e4996-f4ea-4bcf-896d-17fa219601b4,scupper.page,available,12.79,12.99,medium,low,7,namesilo,,,18/09/2026 17:30
006c98eb-e727-4cbf-bc1b-a371b352141c,sadat.page,available,12.98,16.98,medium,low,5,namecheap,,,19/09/2026 15:58
500cc415-01a5-47ae-87ec-f0565e0ac658,botchy.page,available,12.98,16.98,medium,low,6,namecheap,,,10/08/2026 20:53
ee6fce04-fca6-4a36-9504-ac69500f0097,deaths.page,available,12.98,16.98,medium,low,6,namecheap,,,19/09/2026 19:12
df143544-768f-4654-bbb1-6e99477a2262,stocked.page,available,12.98,16.98,high,low,7,namecheap,,,10/09/2026 20:54
31cb073c-4671-4cce-b5f0-3d9b9626ce06,jews.page,premium,34.22,34.22,medium,low,4,namesilo,,,
ecd1d45a-b7f7-4c4a-b06a-75fcfbaf4592,borrow.page,premium,34.22,34.22,high,low,6,namesilo,,,
5b7449bb-8661-4773-90aa-3a930dd5e84c,perforation.page,available,15.99,,medium,low,11,name.com,,,
8a2d99c4-842a-49a9-80d5-52009a4f1bf4,mayor.page,premium,70.21,70.21,high,low,5,namesilo,,,24/09/2026 15:10
cfc46b4c-a032-4460-a838-ea2b54197150,descent.page,available,12.79,12.99,high,low,7,namesilo,,,08/09/2026 13:07
50405681-4479-4bb6-8958-18916fa9a62e,bicyclic.page,available,12.79,12.99,high,low,8,namesilo,,,09/08/2026 19:48
f145dcab-f0b7-40a3-84d4-c663c3a4a3ee,pedestrian.page,available,12.79,12.99,high,low,10,namesilo,,,08/09/2026 12:28
937ef90b-45cc-42cf-b948-f6f2e12c8403,neck.page,premium,70.21,70.21,high,low,4,namesilo,,,
7b49f1b7-4a3d-4d77-9933-4a336611b050,wakening.page,available,12.79,12.99,high,low,8,namesilo,,,28/09/2026 23:37
f4d83f47-6d1b-4476-8b8e-4e6c0ca90296,etcetera.page,available,12.98,16.98,high,low,8,namecheap,,,13/09/2026 19:52
d1478cda-7c1a-4e00-8d06-bc55a3e4e970,bittern.page,available,12.79,12.99,medium,low,7,namesilo,,,23/09/2026 23:02
63240ea8-6c58-47ee-9f92-233ce551f481,premium.page,premium,638.72,638.72,high,medium,7,namesilo,,,27/09/2026 05:00
6b9e8fdb-ea20-4261-a6ac-9ecd8cf75a4a,cruel.page,available,12.79,12.99,high,low,5,namesilo,,,22/09/2026 17:21
0b7397a9-3bf1-4967-80a1-9fa0bb714564,wished.page,available,12.98,16.98,medium,low,6,namecheap,,,17/09/2026 18:39
b2346a92-80fa-4d31-8c94-e5966ace9288,assertion.page,available,12.79,12.99,high,low,9,namesilo,,,20/09/2026 16:14
8c4eeb8e-56d6-47ae-bad9-cc5c72331f5c,kinds.page,available,15.99,18.99,medium,low,5,name.com,,,25/09/2026 19:57
423a8c38-a07c-4792-b92a-d1b7409f9c62,alhazen.page,available,12.79,12.99,medium,low,7,namesilo,,,18/09/2026 00:42
50d65fa0-c433-473e-95fb-a60dc186df1d,anomic.page,available,12.79,12.99,medium,low,6,namesilo,,,
44a702d6-aa9b-47c1-ade9-0b7ffa8a4115,whiskey.page,premium,,,high,low,7,,,,27/09/2026 16:19
e54d9c4b-73b3-4186-9f62-753bbdcb8b91,beatles.page,premium,70.21,70.21,high,low,7,namesilo,,,22/09/2026 21:43
366528bf-22e3-4fa9-a1b4-67ade5378536,tropic.page,premium,37.7,37.7,high,low,6,namecheap,,,11/09/2026 20:25
f60ee431-6e6a-461f-af72-99ec1ecd0a06,yttrium.page,available,15.99,18.99,medium,low,7,name.com,,,20/09/2026 23:00
e85ccffb-2346-4674-bb7e-85d753ab13ac,bragg.page,available,12.79,12.99,medium,low,5,namesilo,,,25/09/2026 21:58
9a01da11-024e-4b30-948f-6dae555bd2b4,leafless.page,available,12.79,12.99,medium,low,8,namesilo,,,22/08/2026 21:56
346fcdcc-c7d8-4ecd-8cbc-b9d71cb41417,anosmic.page,available,12.79,12.99,medium,low,7,namesilo,,,
a30f38e6-27c2-47b6-9b7c-23bb300d4c8c,lxiii.page,available,12.79,12.99,medium,low,5,namesilo,,,
7e1ac91b-73b7-46e1-89b2-2a73a09c6d6f,hearing.page,premium,165.12,165.12,high,low,7,namesilo,,,24/09/2026 23:40
f5db9e7c-7e38-4024-b08d-f7c8aa840929,alexanders.page,available,12.79,12.99,medium,low,10,namesilo,,,18/09/2026 05:47
12d11b80-d536-46b6-91da-ae9cf23596e4,agamemnon.page,available,15.99,18.99,medium,low,9,name.com,,,17/09/2026 16:06
20adecb0-fa09-40a3-ba7f-753d026209fd,camel.page,premium,165.12,165.12,high,low,5,namesilo,,,28/09/2026 01:20
62c61cd6-9239-4f53-8c9f-98823e0706a1,suspects.page,available,12.79,12.99,medium,low,8,namesilo,,,27/09/2026 03:17
51c7a0fc-9d3c-4901-8694-ba8a3dbb1ef8,unsung.page,available,12.98,16.98,medium,low,6,namecheap,,,12/09/2026 20:49
ba1a7ff6-4de1-474e-bdb6-dff6c5149e87,rocking.page,premium,29.2,,high,low,7,unstoppable,,,28/09/2026 15:55
e2cfe920-2477-4a61-80f2-a71ec5b5b26f,bissau.page,available,12.98,16.98,medium,low,6,namecheap,,,23/09/2026 22:06
acd2365b-6cb2-40fd-b58e-83b184adc2a5,cupid.page,premium,37.7,37.7,high,low,5,namecheap,,,18/09/2026 22:35
df551405-98c5-49e3-b46d-a760f0ea50b1,profitably.page,available,12.98,16.98,high,low,10,namecheap,,,14/09/2026 20:29
3213f392-5c55-4771-8a4d-25fbc51e3fd4,incisive.page,available,12.79,12.99,medium,low,8,namesilo,,,22/08/2026 01:21
8d25bae1-2b85-48bc-9bbd-efc15369dd2b,acapulco.page,premium,37.7,37.7,high,low,8,namecheap,,,16/09/2026 21:10
a387399c-8977-4872-aa77-e2bcde25ac76,unwonted.page,available,12.79,12.99,low,low,8,namesilo,,,12/09/2026 22:48
e8c1db69-7c3d-4fcc-8b05-f8d2efe40763,realty.page,resell,,,high,low,6,Namecheap Inc.,15/02/2019 01:36,15/02/2027 01:36,26/09/2026 08:31
bb764a62-c398-41ce-b27b-d500d02673c3,vassal.page,available,12.79,12.99,medium,low,6,namesilo,,,18/08/2026 03:02
418c6832-9d1f-453b-b3b6-93f5819d1bee,expectations.page,available,14,,medium,low,12,unstoppable,,,28/09/2026 08:38
7611e3a9-2f25-4549-8f73-e81ea9b44c1b,aeration.page,available,12.79,12.99,medium,low,8,namesilo,,,17/09/2026 12:46
f656b63f-c7ff-409e-acb3-afc77e762855,mills.page,premium,73.75,,high,low,5,name.com,,,
3aa8b3b2-b441-46a7-bd70-e0be5083dd57,malformed.page,available,12.79,12.99,medium,low,9,namesilo,,,13/08/2026 23:43
8b0d37c4-ea39-4f7e-9de3-54ca183643aa,conditions.page,premium,70.21,70.21,high,low,10,namesilo,,,28/09/2026 10:19
99c04d2d-c1d0-4f59-8b07-f50ca94c0f30,anion.page,available,12.98,16.98,medium,low,5,namecheap,,,19/09/2026 09:23
c2337940-4a07-4983-9eac-2ef19e53bc10,abdication.page,available,12.98,16.98,medium,low,10,namecheap,,,16/09/2026 14:43
211c740f-842b-4f28-a077-03e0a4fa89e1,bee.page,premium,545.26,545.26,high,medium,3,porkbun,,,29/09/2026 01:48
9fb73d80-c497-4d1f-9489-640ef53f3d34,nuremberg.page,available,12.79,12.99,medium,low,9,namesilo,,,25/09/2026 23:53
23bca72c-666e-49ef-8fa5-477267b014ad,documents.page,premium,161.25,,high,low,9,name.com,,,
691a20df-24d5-45ac-98b8-91738f3ca4bc,analyzer.page,available,12.98,16.98,high,low,8,namecheap,,,19/09/2026 01:55
99f6ea8c-f433-4932-9923-7b6318194488,albite.page,available,12.79,12.99,high,low,6,namesilo,,,18/09/2026 02:59
840f4d33-b394-4487-b603-d48609f83d93,surveillance.page,premium,70.21,70.21,high,low,12,namesilo,,,27/09/2026 08:40
1062f1c7-a16a-43a5-99b9-b42c0ed2347e,marie.page,premium,165.12,165.12,high,low,5,namesilo,,,25/09/2026 17:44
e2afd492-77e4-4175-9f31-1e1cea87ebb3,lynchburg.page,available,12.98,16.98,medium,low,9,namecheap,,,28/09/2026 14:48
7fd6ca69-6dbc-4d5e-bd72-ff9c55a41212,venetian.page,available,12.79,12.99,high,low,8,namesilo,,,13/09/2026 02:02
043de1f5-f038-4da5-9b5f-0e3ffb68007a,recreated.page,available,12.79,12.99,medium,low,10,namesilo,,,09/09/2026 10:49
2dd23464-04c2-43ad-9812-5f146d2ee165,penile.page,available,12.79,12.99,medium,low,6,namesilo,,,08/09/2026 14:21
95e2cfc8-37b9-4173-b623-7d178feb717f,themself.page,available,12.79,12.99,medium,low,8,namesilo,,,
7c252e60-39a2-4dee-94d0-50b0e30a1425,intestinal.page,available,12.79,12.99,medium,low,10,namesilo,,,04/09/2026 08:14
088a0930-a09a-46fd-9248-2bb5f7a6acde,streetcleaner.page,available,15.99,,low,low,14,name.com,,,
d6c13435-0fbc-4577-b6ef-69e48e90d68e,swosh.page,available,12.79,12.99,medium,low,5,namesilo,,,11/09/2026 05:50
a7858274-a615-4c28-81c8-445e7d0e3a19,tewkesbury.page,available,12.79,12.99,medium,low,10,namesilo,,,22/09/2026 16:07
278d6d61-f699-4bfc-b3c5-aac85654aa8a,probe.page,premium,61.27,61.27,high,low,5,spaceship,,,28/09/2026 10:09
9e4396e7-ad23-4222-a2c7-67dc5e239dec,styling.page,premium,37.7,37.7,high,low,7,namecheap,,,17/09/2026 18:14
606fd2e7-1673-4d03-bfb3-9577c5bbcb17,jenner.page,available,14,,medium,low,6,unstoppable,,,29/09/2026 00:45
303a84cf-2adf-4366-a3c0-3f0c669b8e1a,lupine.page,available,12.79,12.99,medium,low,6,namesilo,,,24/08/2026 11:39
069bb6de-450b-4f1a-8f88-d37f19bdab07,omar.page,premium,70.21,70.21,high,low,4,namesilo,,,25/09/2026 15:21
80f7c2a0-ece1-4474-8bbf-a1e28c22f2e0,disbelief.page,available,12.79,12.99,medium,low,9,namesilo,,,24/09/2026 22:29
6326f967-606f-4481-87a5-bae33f34b82b,preteen.page,available,12.79,12.99,high,medium,7,namesilo,,,09/09/2026 01:08
947e76cc-0e57-443b-9c95-cd9ad7c5970a,presenter.page,available,12.79,12.99,high,low,9,namesilo,,,23/09/2026 10:46
c637e14f-02fc-4ce6-9ea5-68fdef7b7a6c,filesize.page,available,12.79,12.99,medium,low,9,namesilo,,,
9e49759a-9921-44e5-9c6a-f6c6ec64ab7b,believable.page,available,12.79,12.99,high,low,10,namesilo,,,09/08/2026 13:01
29f1d142-9f7c-4216-ac45-93d0f19c27b8,boats.page,premium,165.12,165.12,high,low,5,namesilo,,,17/09/2026 16:33
ce41981b-9aa9-4a68-a614-42aebe5ce18c,polysemous.page,available,12.79,12.99,medium,low,10,namesilo,,,08/09/2026 23:31
35282f9f-f060-4638-839f-9edffeb82c74,shields.page,available,10.81,10.81,medium,low,7,porkbun,,,28/09/2026 08:03
f0c56174-0851-4583-8f7a-f35ade7b75c2,dignity.page,available,12.79,12.99,high,low,7,namesilo,,,
43e8716c-2415-4186-867d-a4eb9597ed96,regionally.page,available,12.79,12.99,medium,low,10,namesilo,,,15/09/2026 22:57
7abcc9ce-4ba2-4a62-8c71-0c6f9727d72d,wikimedia.page,available,,,high,high,9,,,,
e7a00e51-49ad-44ea-bfd0-c4aeb5db146e,checkbook.page,available,12.79,12.99,high,low,9,namesilo,,,24/09/2026 13:57
efae6eeb-18e5-4784-8023-b19296afcfd4,oreo.page,premium,34.22,34.22,high,low,4,namesilo,,,
fc5c7210-5aa6-4300-810f-4c1f6775a582,boil.page,available,12.79,12.99,medium,low,4,namesilo,,,29/09/2026 00:13
b2f1a01e-7d89-4855-806c-b5d566ee3381,duodenal.page,available,12.98,16.98,medium,low,8,namecheap,,,14/08/2026 21:21
307d4a2b-8c29-4c7c-a5a0-e9cfa73edd50,abortion.page,premium,34.22,34.22,high,low,8,namesilo,,,16/09/2026 16:39
12217cb7-4aff-4669-908b-0df1e4955039,angeles.page,premium,165.12,165.12,high,low,7,namesilo,,,25/09/2026 16:22
a0e49f31-7c65-474d-a4f0-13e601f48d0a,rumors.page,available,12.79,12.99,medium,low,6,namesilo,,,27/09/2026 09:37
9e542d5f-4562-4812-8e83-f1c221a6c0ca,onionskin.page,available,12.79,12.99,medium,low,9,namesilo,,,18/08/2026 08:17
71f0b85c-f4b4-40cb-86d8-40a80eb6b90c,effort.page,premium,64.93,64.93,high,low,6,porkbun,,,28/09/2026 05:04
c5e0b5d0-241c-40ca-bebb-c6476541c560,mantic.page,available,12.79,12.99,medium,low,6,namesilo,,,14/08/2026 13:48
877fdbb4-ebcb-4bfd-a7ad-d65bec9fdb81,virtually.page,premium,32.18,32.18,high,low,9,porkbun,,,28/09/2026 11:56
37c039ec-fa7f-4cde-8c63-7d0ef3ad53f4,wheelchair.page,available,10.55,10.55,high,low,10,spaceship,,,28/09/2026 11:05
e67e6ee9-c5c6-430a-ab6a-9f4d163f72c5,ideally.page,available,12.79,12.99,medium,low,7,namesilo,,,28/09/2026 15:16
0c3fbd99-e24b-492c-a47a-4a9ef7d2d7c0,backlash.page,available,12.79,12.99,high,low,8,namesilo,,,21/09/2026 15:29
c08b2e28-7a39-4b37-8a1a-cfce6b63470e,boon.page,premium,30.22,30.22,high,low,4,spaceship,,,28/09/2026 07:47
00a6401a-a34b-4b31-af3a-0413bc8c1212,razorback.page,available,12.79,12.99,high,low,9,namesilo,,,09/09/2026 10:48
1257f290-4d96-4f33-bc67-d57321a38922,passe.page,available,12.79,12.99,medium,low,5,namesilo,,,14/08/2026 01:17
33a8856e-4f8b-4dd6-803f-e5c3fb840a78,pulpy.page,available,12.79,12.99,high,medium,5,namesilo,,,09/09/2026 05:57
bc34349b-e07d-4e38-88ab-653084e54b46,birthplace.page,available,12.98,16.98,high,low,10,namecheap,,,23/09/2026 21:18
5d932764-11ae-4a69-8b23-384fba404d6f,fluorine.page,available,12.98,16.98,medium,low,8,namecheap,,,21/09/2026 00:03
29bbfcee-c0da-417c-8120-7e3f943ae59a,anastasia.page,premium,30.22,30.22,medium,low,9,spaceship,,,29/09/2026 03:46
9186f877-b8a0-49d2-a146-c2c5075240ff,revealing.page,available,12.79,12.99,high,low,9,namesilo,,,27/09/2026 13:41
6a01086c-81c3-464a-afe3-b0626ae9ceb6,vacantly.page,available,12.79,12.99,low,low,8,namesilo,,,16/09/2026 10:32
59ceaa24-83c9-4bd8-8a6c-bc4408a32795,truant.page,available,12.79,12.99,high,low,6,namesilo,,,08/08/2026 01:41
6c2ce571-51bf-4eb7-9b8b-1e2f51d451d6,autonomous.page,resell,,,high,medium,10,"Spaceship, Inc.",09/03/2026 07:34,09/03/2027 07:34,26/09/2026 04:09
22b886eb-7b26-416e-bc84-eaa321d80bb2,disruptive.page,available,12.79,12.99,medium,low,10,namesilo,,,28/09/2026 07:50
7b171d7f-9e72-4a76-9b15-9ecc87d159cb,chorale.page,available,12.79,12.99,high,low,7,namesilo,,,12/08/2026 07:04
dda0207d-6dbd-436c-8cdd-7bf09308adec,merging.page,available,12.79,12.99,high,low,7,namesilo,,,24/08/2026 20:43
5d510a69-4ef5-4192-a6cb-f8dc107f4acb,rowley.page,available,12.79,12.99,medium,low,6,namesilo,,,28/09/2026 12:08
d68e3c47-a2b4-4bfe-a7d2-04296c6c43d7,hodgson.page,available,12.79,12.99,medium,low,7,namesilo,,,28/09/2026 04:09
4bc388f4-6ada-4ba4-bcd0-077219acfc5d,bsa.page,premium,64.93,64.93,high,low,3,porkbun,,,29/09/2026 02:49
0ad0bc05-924f-45f2-8984-9edc27003146,amateurs.page,premium,29.2,,medium,low,8,unstoppable,,,29/09/2026 00:10
e528ca62-763a-48b7-9ec5-058d6a718320,aseptic.page,available,12.79,12.99,high,low,7,namesilo,,,22/09/2026 09:33
de6ab717-2a5b-4e06-a101-a2ecee3aae5f,eroticism.page,available,12.79,12.99,medium,low,9,namesilo,,,18/09/2026 16:10